time,col1,col2,col3,col4,col5,col6,col7,col8,col9,col10,col11,col12,col13,col14,col15,col16,col17,col18,col19,col20,col21,col22,col23,col24,col25,col26,col27,col28,col29,col30,col31,col32,col33,col34,col35,col36,col37,col38,col39,col40,col41,col42,col43,col44,col45,col46,col47,col48,col49,col50
2024-01-28T09:12:44.531252-08:00,0.22632408240649787,0.08059907392645424,0.3583413686283572,0.22306445363939875,0.7222480647174658,0.2126460950838278,0.5975153251633254,0.4884472252796839,0.7368734511204721,0.5344517153299012,0.17986754164541177,0.2999123263252315,0.6252634418788039,0.5477492203432507,0.5538921509988658,0.5610363186342564,0.08230754282372481,0.490585139053706,0.6693733319884768,0.8828995184074403,0.2684951455938192,0.3079285410867547,0.35876182456673367,0.13767211045952726,0.3784401680350591,0.3076161652163851,0.4936865522577992,0.9646683726705586,0.7372025190520775,0.3987212460453254,0.6563037091390009,0.2001986671381802,0.4497439949259616,0.23814195740960262,0.7908339132069385,0.9969552652411918,0.6609503231337027,0.23724135257446408,0.21895194154794384,0.12743128425652647,0.04217783766665467,0.5705699747016775,0.24152265617232674,0.4907282041274428,0.8110507925759134,0.3932589484793987,0.8068477566991488,0.12440447523921008,0.8844930452504983,0.78511019353078
2024-01-28T09:12:45.531252-08:00,0.2507473982956536,0.89109795898564,0.3836948472275413,0.8086348288602835,0.2737434127012115,0.9776418097041645,0.9671953274397488,0.26818381719557605,0.30805400041069125,0.8290824341097394,0.3645764121717779,0.39101513190932435,0.9043230800667724,0.7298067569371315,0.8039916418554385,0.17826499980082755,0.3900909922240712,0.5871352153453667,0.3025886875734602,0.22248528820468588,0.44538296336914185,0.7758606579039967,0.8977704069965938,0.9272903252734825,0.425081173415621,0.432423954843488,0.12264067468127743,0.26772363765201296,0.5903204071224574,0.0217580277107057,0.26905946519028123,0.5409963849967769,0.8072677043734996,0.28030705523178007,0.044617632054817585,0.11192117254393448,0.9839594008885382,0.4197929605428397,0.7018609675402593,0.6643120408507787,0.5033725924186566,0.1569827415333123,0.23015727723075222,0.8971325543633856,0.8287969281082724,0.2653075632992012,0.8577499312103687,0.6042733511693856,0.20604914546710118,0.5549349698556225
2024-01-28T09:12:46.531252-08:00,0.569768335603046,0.9309029570727708,0.9963335515068289,0.6078220513949086,0.21685581943531052,0.98388444226323,0.0020046158481754166,0.5802190345648511,0.4448649966520201,0.34034850717623394,0.3067879977533299,0.8824599755025869,0.8289779079863688,0.6750277082887627,0.08288851063076,0.909813465318236,0.8057430169489286,0.8953997941313665,0.5341955139512308,0.6252069651880826,0.07997558579142933,0.17205112692554672,0.46075375454549417,0.613435570836879,0.36363668006124916,0.8085645156007059,0.8143970105275469,0.11983965675857393,0.8721851935414244,0.22790690474692804,0.5199958723392657,0.5945713819003118,0.8946183418916365,0.28758065953637174,0.16671066990851055,0.4351781935500966,0.8280139848933354,0.6574749255576373,0.47317514473304134,0.7770638535987408,0.618154225174035,0.15414945309497563,0.6431075458418298,0.004268963534424426,0.9948651377096329,0.14093509394197745,0.045382198640893,0.577350387594278,0.8870338693773359,0.4096019067777407
2024-01-28T09:12:47.531252-08:00,0.11603978260515428,0.41736205389867254,0.7539072495801836,0.5914703664911874,0.7969042929493886,0.7957226110238246,0.7953748009114999,0.022070165178066047,0.8788426796329154,0.09668130320028968,0.15816581267285182,0.6616666399723763,0.584119319019464,0.07807175742051799,0.3702049547468425,0.8938258939233444,0.9185138714728294,0.35239763584558936,0.368802929567182,0.29418619500859655,0.21328746562363526,0.12783480036475517,0.6897022452626634,0.4336237593116855,0.37468849115299724,0.938397213166683,0.6573568682744582,0.625671652345094,0.8288982571582294,0.3263612257979847,0.15893981501108545,0.8501633988974162,0.3233963515576026,0.6812365589241564,0.3847094973609694,0.05399758172266681,0.6296830579699949,0.11551080150784451,0.760537818575187,0.16647376042944062,0.031056914685041126,0.18588961747736588,0.7681563402886956,0.6930403646074659,0.008796703310487238,0.1577585090399207,0.9565789489274884,0.9472593078054049,0.10315429082166797,0.3591513497885354
2024-01-28T09:12:48.531252-08:00,0.7769021894063354,0.7757735001457383,0.7023922590155645,0.4701076454686397,0.2847508392272586,0.7209337217230045,0.12048203525483304,0.9027083049550566,0.19231843630497947,0.35467408281840784,0.22633163700822848,0.1689735983940496,0.6489759449656696,0.22255306033576164,0.0743667051451641,0.8162818926606369,0.8281152605616947,0.7072950518251399,0.7935253292689147,0.6942697150823014,0.11293484136490303,0.0554794163631659,0.6730122337758726,0.11744164771597657,0.07534003888842296,0.19847993001027323,0.7135007069963336,0.3300792956339361,0.7206132216766984,0.39543344298594807,0.7433156845178471,0.5587799226745149,0.7291431504856958,0.704260945937797,0.543039369923495,0.6150218245612303,0.35354541551816,0.47939993114011753,0.7833239309901758,0.6498709969675217,0.7557587619618152,0.9874084527614401,0.3446540123014643,0.9662205274072804,0.9636810025215654,0.31803013621873866,0.5677208297396031,0.2830452343689272,0.7077564617934289,0.03098441724505209
2024-01-28T09:12:49.531252-08:00,0.925130023325051,0.42276349070729996,0.25561715849715744,0.0782278417626762,0.08679736704560478,0.17617146986635962,0.8954819636473069,0.838465690015535,0.7168190627710762,0.3499314803397197,0.5960231860020093,0.31494190604147715,0.36531779665920494,0.05863396705035254,0.2618277668340696,0.02085717713630566,0.6376551790782238,0.47878146684284417,0.4679540773392208,0.9910010239352296,0.7732234318614587,0.8330531806363665,0.7529188201959629,0.10500135831185235,0.7694732268901774,0.6824250598321399,0.21072020446722028,0.5720428277864609,0.5146424601013934,0.5405185080896928,0.7364170304121329,0.4152873303536686,0.34491754190109175,0.0017047896679233164,0.5428068859076699,0.040005583251471466,0.5108650410632221,0.9961503701259571,0.06020973685942585,0.19707170424205675,0.15041676008880006,0.1757470667454938,0.797702039122908,0.930366131649422,0.9662950762379233,0.764873222066445,0.14381109466449474,0.42546394371231017,0.01781693837998742,0.22336047904220593
2024-01-28T09:12:50.531252-08:00,0.5742981300587023,0.9705230086382642,0.5694787962865526,0.8646422796844814,0.8214023829761572,0.16671139667078183,0.42885379592831785,0.8809466990953052,0.8505531694870859,0.9983295857071093,0.5961032548818507,0.6931916926724938,0.18403996773588654,0.6549742793154486,0.41754802556786846,0.45701586702853286,0.6093461161026315,0.7046770755049456,0.17856139993029618,0.2530878103635096,0.05503440128687135,0.7072961903902577,0.8506800249749195,0.15440691189477954,0.9746495160842077,0.2578255394115379,0.2921225083434239,0.585378526796223,0.8614676131818744,0.8401052391356225,0.8459009534382711,0.5515940989898073,0.8381983846179301,0.6435776876375187,0.07784422898162781,0.5526872422546844,0.13260435528594766,0.20476556422331213,0.3922588239746105,0.8589724976554007,0.7864547560001244,0.6283649585884669,0.8803381599209511,0.5052483076521891,0.7588970823284447,0.09778340755502687,0.6302120423118087,0.44548799156832786,0.9019189271254163,0.938136798349972
2024-01-28T09:12:51.531252-08:00,0.5838714673841429,0.734441844952279,0.36117843674071615,0.316493802367803,0.8966627405512174,0.3711911036771049,0.7249989417696249,0.5243929590256539,0.9235766962490691,0.06956239329641375,0.9372884457694834,0.3980473695444224,0.22535840756019745,0.2493927182886121,0.13107122247881983,0.8180525797243303,0.2930675494099048,0.6861161323438758,0.2391822207434842,0.2894559451982872,0.6239000294209913,0.6816888354957681,0.46925846623324363,0.010545908409353976,0.6915517644783131,0.8775342874963423,0.09081169031593782,0.12367671509158641,0.5941657632645249,0.5636286148666455,0.7336182263306256,0.04491950987802425,0.8799017194605684,0.7534536548224843,0.9598140049763491,0.19444399653835043,0.6392647606294343,0.5030691670287217,0.546671867514126,0.17999892024068326,0.029435553972055085,0.8253002161567785,0.42227665536131426,0.4662039136432543,0.35367439112285654,0.9344762963832961,0.36251043167495367,0.6367123633773772,0.002747255395516628,0.36577513385868926
2024-01-28T09:12:52.531252-08:00,0.6445476967910116,0.1391787659779769,0.9598539271439543,0.5707871887653222,0.0030765586772602818,0.20067450496836584,0.16100131217934757,0.8083549414138701,0.10409724647407025,0.011231537434261982,0.675423692793349,0.38826289110682266,0.7000611384246833,0.9196734267284213,0.6975114517351916,0.22997511794058917,0.6223011847154244,0.8880575833461702,0.08463782843155016,0.3837349215663472,0.9909450550946706,0.31538756680303437,0.6370925492932813,0.7269984149971053,0.0593171876556314,0.04708237006710127,0.8082800581734672,0.1901703405752345,0.9657790834025735,0.43792552017357483,0.9710392590885142,0.5464486338196293,0.4918250022468458,0.08255109160546763,0.617693519059678,0.8929836032493779,0.845087699011072,0.3664699726794001,0.6731477403769658,0.5290495002531219,0.21520927893008363,0.5644117138453945,0.1034379214637102,0.9992984356138094,0.06927753979304671,0.486620693296893,0.8122362593270129,0.5750945030909931,0.21780107667849757,0.2634199941525012
2024-01-28T09:12:53.531252-08:00,0.6168050494395134,0.8297404689121078,0.8251028382570161,0.6969423880231188,0.36602581664112305,0.4407462817188973,0.07175482510782236,0.10405716126635807,0.45711842275151704,0.8558558120973764,0.16105238912391542,0.4468278597654847,0.35075965802207093,0.9727634848785776,0.652632761095003,0.49164987356027356,0.8321705949062395,0.43227558733129656,0.02266551126791766,0.4560088451560744,0.2361018357845351,0.9935899386778971,0.18080285982855523,0.5413983921085057,0.5248786367357622,0.5801153009388849,0.04545229937813906,0.2996795583001475,0.20838347481291203,0.5912916997593404,0.5657199849463129,0.41807328690057444,0.055258939985882445,0.8860732431150229,0.08525217893464802,0.693624202628138,0.8284981862229023,0.06848193882210166,0.9584415007045445,0.7674708343919491,0.01687399924736143,0.6486609287649364,0.7059009602710465,0.5875796108140887,0.9526914612079737,0.6260932584284072,0.06896883452775367,0.18539489747166904,0.476219329996795,0.3365667129702494
2024-01-28T09:12:54.531252-08:00,0.7069942145640749,0.3378370313101441,0.407590907943275,0.030736984947476523,0.5777096634313809,0.021160052012614426,0.6639319438221359,0.011954168355898317,0.4569625924886155,0.9130078050973733,0.6054080841136632,0.8476421029988099,0.8118312677792937,0.5585085917507029,0.5310495866262548,0.46976962820732365,0.23447663163051913,0.2251415041553895,0.21075270127977092,0.355303255702439,0.5922736646207968,0.3386530161475237,0.3386157657735283,0.5336849313195636,0.8472561952076784,0.9714568251768263,0.40958843405247297,0.5354729047605432,0.8525321671057969,0.6631798554159799,0.5542768525943201,0.07162508623618426,0.23783423294850736,0.7587795520114651,0.4188301315697489,0.25038816320271245,0.7225801420088739,0.4304959388724048,0.9101835190468512,0.6685909440407284,0.5128175403373509,0.7696069688883703,0.21424805022147275,0.8753420005763547,0.5989687445768936,0.8435980611187011,0.16980810036393187,0.9500653068868541,0.44796918955436693,0.8186170097668575
2024-01-28T09:12:55.531252-08:00,0.22707879474976028,0.3463216170480051,0.2872819025384998,0.8589405263404064,0.8762281543986019,0.3486865520065068,0.08063263398843029,0.8431925580168219,0.7397191254831118,0.7753721642460848,0.9139518125747648,0.8188734119287724,0.3428019927749894,0.7256968072117908,0.8707279134668489,0.474938807608972,0.613284893014296,0.9947791357377384,0.9616081464453886,0.2463156259783179,0.7889584754628487,0.97195991247966,0.3747753511962273,0.44489869082194355,0.6680782544397726,0.579919178692167,0.7439934127741167,0.19638228259519672,0.4275716705607183,0.5971160031816789,0.9678245323845761,0.663786910843064,0.6926193849384005,0.9780524829537026,0.34117644960638616,0.47121486997947254,0.795349410243088,0.8067361115864574,0.2759432647481035,0.8677310693505815,0.8049627737107283,0.7705730193602248,0.803721519079681,0.32279896016902876,0.49429525588974793,0.11432376819820561,0.8937901437293018,0.2802351760212194,0.18535138174516666,0.9800571774223075
2024-01-28T09:12:56.531252-08:00,0.957768388142448,0.5828578086789715,0.5869616167673772,0.7044598151045435,0.22969051203206872,0.44029391253506395,0.5926545081783035,0.30416831138812567,0.6332863161811386,0.49094572391430485,0.42783001786271085,0.11450688869207624,0.07161859273922859,0.3839700811634497,0.11681218386815082,0.6172116110414231,0.039700022982090265,0.9387646239738565,0.39769573388025836,0.25547548419061256,0.9932372119115785,0.4558110781242821,0.4991731169842284,0.6661790102078676,0.22502698400598506,0.03055176872919295,0.19939332077524333,0.1651578861450366,0.6791196447638596,0.0837607663363585,0.6620650694851812,0.3020168642841283,0.3771785585127988,0.4309749980272827,0.36271574221498104,0.9625609266122749,0.6481139643339374,0.7873749316178208,0.0182512468625105,0.7428115443358665,0.9242580897534785,0.030016133950422765,0.28641121043947904,0.28485035255469404,0.9189301880702322,0.6882104077811875,0.13797719266588046,0.7337296021449677,0.4481042621980198,0.33233434648826454
2024-01-28T09:12:57.531252-08:00,0.6144049192190292,0.40521655584043825,0.9568875633460442,0.5404659830297743,0.16932398511723432,0.7643947647110667,0.5385638483532643,0.21056140327200268,0.08554195552399046,0.022959607856975598,0.31170399588900527,0.8204152802153375,0.15764072994484776,0.9966308814118039,0.09348403335235453,0.7303306557720055,0.29528634775299367,0.7182508032946344,0.3254914282926204,0.2668335117417261,0.36651912031450873,0.8067388972509552,0.5440401336595169,0.03463868901508281,0.7263139813233437,0.2624426147174145,0.7932724769700081,0.4484595220464021,0.9765351628723626,0.05877171917594142,0.7356452666873528,0.5291784198896913,0.44365549227775003,0.7980643674746264,0.6559865287588356,0.29038154554714063,0.941431454439127,0.9665709169254728,0.7709715029373662,0.429568889088924,0.16836463857795028,0.12925546048636774,0.49565609411028166,0.9749044559832086,0.7351805273458741,0.3389535168335406,0.391310455847884,0.562689780074288,0.20406511160041357,0.03843733540421939
2024-01-28T09:12:58.531252-08:00,0.0873028949386201,0.7945760115108459,0.703233083472776,0.8287891902988829,0.15072198498901487,0.697874147713947,0.6374860614610902,0.1874618546627239,0.8238865603221487,0.8414212505179008,0.9742920240743088,0.8900035598122763,0.5129339425163519,0.21721389477825903,0.14463074841024554,0.5483029181157303,0.3396469427900433,0.37606553754637656,0.36908066879947987,0.6412141673133819,0.2501222113797557,0.3006895873092576,0.1732334594707372,0.42254806638844206,0.7251402630434743,0.35929835220824685,0.32214935321120153,0.4460014024325524,0.612797408644444,0.5325085796533165,0.717492732103237,0.8207551028127662,0.6644203276980822,0.9754493996514623,0.5666675165240587,0.22294485156349544,0.20067038962550565,0.17262863343426862,0.08622125546058529,0.7267889367978759,0.7198562468676682,0.1893761811764282,0.8911870387061711,0.0641158206778706,0.6510648642355344,0.6539780045615966,0.31846224570724646,0.14303286190979717,0.7342647540338605,0.6885598452199688
2024-01-28T09:12:59.531252-08:00,0.3039485218345719,0.20324861252254495,0.7322267937013178,0.6111021835872059,0.9954236744948525,0.9422928093632184,0.29567514989276367,0.2012919615398023,0.11098625652681048,0.582405435803086,0.6599523053132891,0.7553457936539331,0.5631934454157738,0.8122488001588614,0.6707310939430025,0.5847436399039619,0.6842609140143784,0.11085727388082549,0.28775989840078353,0.6530881535472176,0.263466654892187,0.8464242847436375,0.23039260689359392,0.6255080860369042,0.6902346671557335,0.7763938375104571,0.32492317995607306,0.7909971290550162,0.1489948523773696,0.35363418908479943,0.44557792766758386,0.8316510836416127,0.8514050182640563,0.2627649523881213,0.47331375534390396,0.6407295249375231,0.8848698175486877,0.6899894016373402,0.3199330271047399,0.5578729831881217,0.9063780630795458,0.5954621986407403,0.40930083742510576,0.22195672259079172,0.45416381765536823,0.09915358434871532,0.7001586917490042,0.8783131098927195,0.15734644265419223,0.17774477434116867
2024-01-28T09:13:00.531252-08:00,0.22851326936800914,0.8613288704162841,0.8209383644559006,0.5108558015218085,0.018884394041589158,0.3409885237701753,0.11793090180000045,0.1957323209760843,0.026161663348450784,0.4249724010244383,0.9006035843410445,0.19493435827410982,0.3895246657637329,0.633299575592184,0.6723152738434269,0.4065664865264522,0.2300160833947625,0.8253003815851221,0.012571659512750634,0.8187840453296015,0.17261836722261573,0.522335894699531,0.6348989024274944,0.055194055311455034,0.053616668873145,0.08080723180741445,0.5532102414227078,0.989162995763505,0.4041659683696727,0.7536448677643028,0.9606342057327985,0.8150591643715348,0.973852094256358,0.6274525195710984,0.14895270756270854,0.06341521445168777,0.12113025019773885,0.614043597984696,0.03371873028348694,0.3424280434999919,0.6990400816755352,0.5046475163688836,0.8613374505395482,0.1425038909810087,0.4513598436197775,0.15809928218640307,0.09476968778946529,0.42383701640158783,0.5673276314536071,0.08864742507558096
2024-01-28T09:13:01.531252-08:00,0.16260281000247712,0.3912526730822837,0.9151461394004176,0.5355453621241792,0.9468321452119912,0.4003758467318293,0.009036900198754706,0.26630647293143717,0.8939783606867725,0.050966568740245424,0.8849639533491337,0.36274063179370825,0.043902539216941094,0.7004447373580353,0.6090387093757599,0.5205405818507571,0.6727304405087484,0.0903184418917573,0.42926567423968276,0.2591079403885067,0.3388691430715719,0.4471791485792363,0.000914354558613075,0.5954235672206718,0.061639275521815716,0.05491569410659801,0.6954608390397732,0.002913943893527387,0.2733470931714304,0.3455733283742663,0.40916966969997803,0.40275954307131606,0.17337078374644474,0.6385502223299312,0.6865497164785371,0.586261052840622,0.9244885892531426,0.8532292142802838,0.03249894139509172,0.38461756488318205,0.9404694136417798,0.9405026197879283,0.295481067442084,0.5041022529748006,0.4519614482502392,0.5593828538436543,0.8632507144499244,0.3754437440947851,0.20629883547468678,0.9970953598981515
2024-01-28T09:13:02.531252-08:00,0.09552401779445857,0.6454147210017829,0.8486339884028036,0.8058761641496759,0.7274808079964384,0.39499549689278624,0.6543354770694886,0.9370138722736834,0.9330839352505391,0.21759276062049013,0.6520172113023022,0.8396536298386676,0.9095229410066483,0.3531118856817963,0.9109628330457279,0.13696437992656493,0.2831799382618033,0.5150334429520829,0.3814021004536813,0.322017160401767,0.38870388146041635,0.8656522877658883,0.7893502135167975,0.22375103532166069,0.10989363134538388,0.13544896327634043,0.7935537933932839,0.2243583864041057,0.4716909551013244,0.3892438733281838,0.3649683151667822,0.06019147160819811,0.2807851472685135,0.6038265042324291,0.40579380701156054,0.019108343126722094,0.8367361205474264,0.9393849867906257,0.28192475476181283,0.1334847323709237,0.3618284909321531,0.40333565727424825,0.8195207539964104,0.4991234756004564,0.011504461474267275,0.9362989576341273,0.8936111866704836,0.5127687373234681,0.8908075733058813,0.6736106368909591
2024-01-28T09:13:03.531252-08:00,0.9537078296985912,0.7354322452008073,0.1565551267309683,0.3658573089991614,0.9746664114580191,0.34557441940316636,0.7362011658245984,0.23985799614297845,0.024823390499419666,0.30260989117984316,0.2830647192932758,0.6676342434885836,0.8007599927660289,0.8933635803475751,0.6536484195120216,0.41923279035935085,0.04446684927962243,0.6724689731153575,0.7370008863779629,0.6166688634080815,0.8120824983629001,0.3351363340792334,0.8564899151285497,0.38037044434852496,0.4806921438547217,0.9424153042162602,0.11824513549717011,0.7746220144100062,0.37956298320971504,0.10674452769433382,0.19800776307207787,0.5154383248004618,0.7189555380142433,0.0651037143902466,0.013680274903862713,0.10709970578087678,0.7808425096449045,0.878248974740871,0.5932224279937546,0.21954866225061168,0.12951919236886086,0.3288946737758289,0.8356581638517322,0.88938697200919,0.8037587543379794,0.7199053269848632,0.6025469866291253,0.7545758170155293,0.18459856836502533,0.7444260085725157
2024-01-28T09:13:04.531252-08:00,0.9122053160758067,0.9664717997673006,0.4669848760366126,0.08000316377819072,0.4574674661901435,0.6671675830935988,0.3412245335101516,0.2112152133150703,0.3621236175414723,0.16052431676945994,0.7434158221995908,0.08929781413784557,0.9274634417662417,0.8808575590470159,0.9977311225902984,0.9952842851802414,0.07534735811213258,0.32648855702888346,0.04224089566841925,0.01852338413192972,0.06270628863821849,0.43177620576905207,0.918534963160558,0.9262497065499963,0.09130619586871513,0.8168646221328679,0.9948371051535532,0.986368729589523,0.2576803761662527,0.932767699186045,0.9282903765369076,0.17030344418244187,0.6294878058701873,0.4682323634867563,0.9455161342291676,0.5289725288183472,0.2501743203324362,0.6417703530315166,0.13119227372359116,0.17608591626122416,0.19340836548629312,0.9054534174604615,0.5460717567965955,0.10855435390325896,0.21289425742303764,0.9035403472705597,0.1545575862900261,0.905443946085817,0.34080555135585144,0.4283611014197833
2024-01-28T09:13:05.531252-08:00,0.7902955646688254,0.2182723921704163,0.8402548823816924,0.25781418699459685,0.4067455867326058,0.06920609494255395,0.5261849465406225,0.09011880478341742,0.47046999384963095,0.7099726558057037,0.38693178966045905,0.6859588437458629,0.998619264907019,0.9781328881873682,0.6995193599070983,0.8664192601766229,0.07781253468816805,0.6152162067792837,0.5459814441142,0.0509183497710752,0.8510765947712972,0.8099792037491952,0.6693946479014422,0.060683864274248635,0.2936044577475807,0.8436038757238182,0.966864646677883,0.2549862298261243,0.3345784624480725,0.2987337616285557,0.73713071308459,0.551040300084213,0.005087701963323113,0.9460558837191835,0.4946139165742573,0.5979081405766449,0.22459127535152434,0.23803525878973988,0.8246397734270267,0.285275023380645,0.7113736247001451,0.09782383844739867,0.5124082479577394,0.001116553445518067,0.5908178335216328,0.5933404031320388,0.8226648897034041,0.07049066812050643,0.7294681605723509,0.2591112016937544
2024-01-28T09:13:06.531252-08:00,0.5767426065775936,0.3568574295776464,0.37973812619271013,0.029603040260552098,0.00045406184320380795,0.450071424253153,0.9640192325413478,0.8559469221267834,0.4012522457618318,0.5287211581410138,0.6447805829321724,0.6114283937148678,0.3635880955126063,0.36297202549767127,0.516601684724782,0.3183000430281637,0.05551169607838201,0.056767927733440623,0.005741385185212984,0.9066009555687591,0.9823456081522908,0.09837721807986184,0.5584170532829046,0.39707944163299624,0.6163941772376732,0.12589884068018847,0.8908486178266183,0.5391058098327879,0.739028862879353,0.34765266597228306,0.7999914042510008,0.741234555894451,0.02242339391707176,0.29455238740160666,0.8982135365542515,0.896434706322738,0.36362459277401515,0.16331556197007993,0.5921656680869414,0.9105646734572558,0.8490979939032224,0.8480958058094317,0.5094961035912192,0.061449285080445754,0.877675087451641,0.9110978736054643,0.2640145112614002,0.5744568158591666,0.8245226629949683,0.9097088892612458
2024-01-28T09:13:07.531252-08:00,0.8782559444698821,0.8723158377483241,0.1891713894929673,0.5789777700639099,0.35282484995817015,0.6213399733008117,0.45716723209678867,0.9136285112282974,0.932582669888627,0.21177049179164234,0.7121697406206902,0.9087270957936936,0.7333041168896889,0.021102047630210063,0.7836951778047502,0.035200192925195856,0.27947441722088534,0.365913260825004,0.3782562657724266,0.20605270722491384,0.10114055130657591,0.0770267489415356,0.47203416750712346,0.7088089108087546,0.6401938567395212,0.8102421348481922,0.052191790127993826,0.5164392834592871,0.36695540937244614,0.029110828265715868,0.38191256309562693,0.6011621896903118,0.7975119393126571,0.39601062407641885,0.0360359124338644,0.3370946115673666,0.9502278888634752,0.878787365430304,0.8007512907696289,0.9757993232002038,0.49308592590578554,0.7225785500600674,0.7932320303812396,0.18405329170350435,0.6723883993523457,0.06529347826490092,0.09148210467224216,0.9148564050561122,0.9060219826365653,0.5972753124729648
2024-01-28T09:13:08.531252-08:00,0.5471573465731344,0.9659862109910723,0.5035676415263893,0.258758458896084,0.3404266476294175,0.4661365290136802,0.5838836816547366,0.3635621951540085,0.6019661518056936,0.4236977373148036,0.6438448018951691,0.5116152667938816,0.5737786449059876,0.9544829991104565,0.707503968662374,0.4528070701775491,0.9900691995147612,0.43933447933697817,0.050805846326203524,0.9652297794097121,0.8967388184869177,0.00761975717403218,0.2908222479323823,0.9934078526806814,0.6741968691746637,0.5542508606112266,0.621332793189774,0.9679036233695976,0.8013854975274485,0.23537428280882677,0.906037006350846,0.2498503745054047,0.3331616599090361,0.48245804006851917,0.8327921296336201,0.4798796375298885,0.9771243466839336,0.3157134889972028,0.7212496546434791,0.42164540779242127,0.10344397114264019,0.09971662859294397,0.5792297900203562,0.46019646269683756,0.12251126569705417,0.8747411619910602,0.1231819886843914,0.40495023360820015,0.972431438166683,0.4046563459366492
2024-01-28T09:13:09.531252-08:00,0.05947236696470026,0.2984931712799473,0.7949549354755213,0.33598495573795834,0.24916792694542955,0.16705980021226305,0.39743806087851113,0.628085194122892,0.512316261621315,0.7377300729909488,0.4187149577706454,0.7625464131109889,0.9839434269616784,0.6680830407221251,0.5394560770478316,0.9212001193757227,0.9123465798661656,0.11546275022698464,0.5403206072002008,0.7601877165739731,0.7512066984273332,0.27808260171737986,0.4747566643445213,0.20749166382880033,0.684722603061935,0.792476304329233,0.3468366755199168,0.8239865865046522,0.47390648034455396,0.8852646671696683,0.2458539023301531,0.088437598864816,0.4229669314868744,0.5366882991695989,0.5377573361842477,0.9039986046386044,0.9396292782229573,0.733376389277651,0.5244627050699325,0.5190028503898826,0.1245529245035099,0.6982274244272548,0.30890492967907035,0.004137743077345512,0.3983471226945249,0.6895064660979242,0.3558185956389203,0.2596708344466654,0.9461200826192357,0.4904931992638348
2024-01-28T09:13:10.531252-08:00,0.9612731855727317,0.9928609035121267,0.2717212160195855,0.3196008323847916,0.7329932242567299,0.8335529174706008,0.5066696988909757,0.03281902916778764,0.3235485403291931,0.9534074038052122,0.47055954333039957,0.281914258712606,0.8739600639751711,0.8308944269473832,0.09291527212318533,0.3699583171187442,0.9499756044211598,0.1871862814973464,0.793543907082836,0.667491528806378,0.12265784086407606,0.485436299766097,0.9766640195355136,0.1299425074588688,0.5943379297167929,0.20933555118117228,0.8990283543079787,0.6568677981123615,0.3698956822518115,0.6994184060113597,0.5126668711718595,0.19561025689310524,0.06927100801395057,0.7090811428716606,0.13196024617841529,0.611416673551463,0.5106414678406848,0.41701209201033546,0.687174362989389,0.7422328623862503,0.590665606430746,0.11264896063825869,0.27386320133457065,0.051746984396802774,0.9826078371834638,0.7556159033620276,0.7874728010721246,0.013460704615249026,0.032980056900246496,0.8580516853840541
2024-01-28T09:13:11.531252-08:00,0.31910205050399487,0.985643326683607,0.9527117661901523,0.05559295879183642,0.6940731619940101,0.7393524559971836,0.6346157289391524,0.7985624384088292,0.8011567530991899,0.9568180690528422,0.8491374423769458,0.8200634479218791,0.2275678327438633,0.007048774592908745,0.299115799987201,0.6233945044845499,0.5835219892486041,0.2507701388349218,0.34868619678597185,0.3858583351191779,0.8827394682793678,0.4001992545153534,0.8438548415977163,0.261003520591972,0.4677147034584718,0.6674980245934936,0.6826911938077698,0.2639207167353908,0.2964957089967905,0.19441183943494172,0.48145500816368764,0.09148691291756524,0.3051149956514709,0.9697037628882456,0.40242552276988397,0.5125829478899759,0.7166062145824706,0.9621796123923658,0.14995112666977645,0.9069167143424384,0.31953288012156195,0.47905514052911696,0.5473304805062822,0.8672154257009783,0.788366619717202,0.8783500803876445,0.954952424821118,0.522772240317219,0.7213610393209288,0.300149455251724
2024-01-28T09:13:12.531252-08:00,0.7610625324235797,0.19319268053472122,0.44680625032099835,0.500150096000005,0.6195476657871705,0.17976983657126397,0.4722971617427753,0.12672680592226065,0.7577635767390222,0.18456295722991578,0.6741713634918884,0.6110500621285305,0.25155319722743114,0.9670288957032228,0.04382812678551598,0.5356577669396699,0.486421686104884,0.7782786717926855,0.10603223187957411,0.6535391770251331,0.20775639145135064,0.49683793683839533,0.3162753757876981,0.10827202786464457,0.6976162193334462,0.20174304900571793,0.3977618153935114,0.5254432171807859,0.14367586800034274,0.09206613452428301,0.9688225665397524,0.9861993387617721,0.2925777235990568,0.265379982043398,0.8978900915571986,0.13747008525936152,0.7747469153945129,0.7443293835375486,0.8502593572967306,0.25332651147724333,0.9933657803961025,0.5272089733351352,0.2694679216766016,0.22227080150431477,0.6910703469262316,0.5057528977906104,0.05123695430874652,0.3392339384150565,0.3148896512170758,0.913529240667542
2024-01-28T09:13:13.531252-08:00,0.6589431744402958,0.8183152529922236,0.18721011045211894,0.4766822508850922,0.024999206091899578,0.3648395707662642,0.4846580491519998,0.1986387224363415,0.7283472846496503,0.8653740282638928,0.4143327275544833,0.7475834359816201,0.37617516993203304,0.5021228261045402,0.9888850229915046,0.6872103910680121,0.23501986044374976,0.5573523527014794,0.4280341100586092,0.13538464388918325,0.6153011424141475,0.5150606920123252,0.117815894323722,0.2198877870818829,0.056304652882829646,0.9328333157660721,0.5178663992845908,0.6792957907009894,0.9133156775929164,0.5847980362133497,0.9589857623746804,0.6636054273275094,0.4786134314214016,0.33930564093494225,0.514529210687409,0.8471257380774181,0.3000563274847228,0.11667363836235198,0.8555666132488652,0.16343998326120596,0.07788470166690932,0.7373555628047406,0.5514908322503341,0.8212274077400603,0.8608489714543159,0.323321189327474,0.37802541756386354,0.6146662828164435,0.49475348039915495,0.916813860631858
2024-01-28T09:13:14.531252-08:00,0.4720058763443982,0.25334694577768774,0.794757136652481,0.7692877208007705,0.6252941186001898,0.5394604953837229,0.47955339996667057,0.9283161474280787,0.12529435853167142,0.8257583350867372,0.1215896531468787,0.4487304626399175,0.8166409046852074,0.7577794482121287,0.036730500866627325,0.5123137252708955,0.6777892233173277,0.7745284769993563,0.7143947918297279,0.03270492969103969,0.7580621192899965,0.8833942712124109,0.5416207258632141,0.3426523052265036,0.8135266142320302,0.17635703592920263,0.6580021161397254,0.6378718084058459,0.03271208797815136,0.1867882743953086,0.8518362294445526,0.6222098929666989,0.8731790362672892,0.21226875116392924,0.9869047995150946,0.4556343820630027,0.057326914050308896,0.9044243922146138,0.9813915909839208,0.1931317271346791,0.7192892544594138,0.9461144142117612,0.7792960597006952,0.5879428189747596,0.2174675885080055,0.7566814191063341,0.34097639619972403,0.04655109399408801,0.19581196160348127,0.16635742951632726
2024-01-28T09:13:15.531252-08:00,0.32311006210510856,0.4854109418188212,0.8215636248037956,0.13946508900063667,0.601206336188284,0.31377450479275576,0.2102989360605581,0.4914651658828389,0.6394308498394117,0.09618440495392559,0.09923369827681246,0.49912911652795167,0.8645772697930489,0.8607540903281083,0.9380854205702333,0.33372832017848997,0.30674763425718865,0.6814118419878007,0.35714070958650773,0.1565785884049492,0.15303441479424051,0.5997685021312573,0.9097259896231856,0.005740034852354153,0.6653298766274843,0.00872210239754845,0.936269695792873,0.54507572261963,0.16868925154983422,0.36315961401952535,0.4131894735163126,0.8042406841839148,0.8958227080214723,0.5888046788275697,0.05653627312261221,0.25352304718488616,0.9376389546417171,0.2909230351952632,0.885396641919206,0.6689311424354031,0.252289995887593,0.8072241819866987,0.7745912345872548,0.9035003505089806,0.3636852745069681,0.5698864475292682,0.34949116970948046,0.7238571220856538,0.5382302249570012,0.7346865181597109
2024-01-28T09:13:16.531252-08:00,0.5462547701215515,0.1736544365897909,0.41932373299622294,0.11521385780098475,0.9501860739086346,0.2538695763789759,0.4535071514441763,0.04416556225422197,0.5778884733187636,0.9776263438772974,0.4970152557885262,0.14464182917953256,0.4094004454798491,0.9318901399408975,0.323864173953329,0.635986818876043,0.21227130116626272,0.7260236593830547,0.8449137174998731,0.7149362428383663,0.8943182636622649,0.03071117949054484,0.8533359705642953,0.39444940861612743,0.3121318837124904,0.9949526618585716,0.07411634292376613,0.7567794506322287,0.17112866176623565,0.5531506920997105,0.7248121449588255,0.892462948967905,0.7736826911857101,0.8439745475304989,0.8064321775114022,0.48524820891011605,0.9398164737789537,0.2274061765241086,0.7936979486669918,0.21300979511879134,0.7190025023216781,0.2942023310151394,0.9148308639375251,0.13291378861180397,0.041969607546870034,0.9750471153213074,0.4370894368531962,0.6611230689447649,0.5729514420539551,0.22876295060436522
2024-01-28T09:13:17.531252-08:00,0.37247507063864976,0.5093899664198281,0.09795218670550143,0.6360125944537137,0.9969308590033823,0.6459205470073224,0.3980648643080288,0.1927210874387095,0.7308553400603922,0.5568610969641631,0.21999379938696262,0.5566967134023822,0.9761228092849923,0.8457178266621844,0.5691739453125344,0.01780047435591307,0.5771880815066821,0.17529840937766109,0.5643089241335074,0.9535716897281371,0.5009051285045872,0.42088039922802717,0.16656871542834684,0.8388750671117476,0.8084088873140048,0.9927876944351984,0.5510684457710802,0.47062426055846757,0.9897490403204592,0.14169180964421754,0.18741067019650928,0.05136803448660288,0.028166832953734046,0.6410360101697715,0.8660362919546548,0.5861316596755036,0.26576265733177845,0.780958839870106,0.08669806702388298,0.49150938806820715,0.724334555511869,0.6006461484538314,0.251447317601778,0.43234766680287495,0.7348731956281352,0.1409151492147247,0.39354705124528955,0.40898984403359134,0.2995668874531166,0.9101700633512508
2024-01-28T09:13:18.531252-08:00,0.526559770626304,0.7344937015219755,0.6854065376563219,0.7914874562431565,0.05669000688227852,0.022045884171407674,0.5244911837371524,0.47463269813479214,0.4943275148370079,0.1544850415872231,0.7739324237981007,0.8507134191399345,0.7033979357303963,0.9573850129374503,0.3831558954619186,0.6707201674384334,0.7509919596453286,0.33585092985840403,0.11718129150547821,0.4148250498213528,0.7022059639127278,0.8314913359418578,0.23182928369570582,0.7144548705186778,0.8750831807256643,0.1929514956373319,0.3832832064538513,0.007344814244190308,0.46321678884612605,0.04307510243490442,0.5957181640693378,0.34474146188732346,0.9912728689440813,0.30518134538110153,0.286689245814408,0.11520403281138605,0.8497754920768232,0.7888764272425054,0.428444946962463,0.25744325436082155,0.851904740103086,0.3262476466128607,0.03181935021192126,0.9789257351881626,0.6783762539824051,0.7099815624106633,0.1304524605391387,0.905402646786052,0.7809291215755038,0.027362502875809935
2024-01-28T09:13:19.531252-08:00,0.7407450757814351,0.7909907650445576,0.49589590981881393,0.2230002736360805,0.238062243186676,0.30313609441637,0.24901453019618816,0.39278515515729095,0.7194415758257422,0.4892277169776901,0.6956514084262619,0.2083914632070353,0.7847799565620176,0.535051933763698,0.6509840740330379,0.4840735021389612,0.03299789953170267,0.5730187120750061,0.23204828512116762,0.11132953445355236,0.6357683304466536,0.2784486582039052,0.9520140535570539,0.7514802935652836,0.6192602066026918,0.17301340242490765,0.9753404280256843,0.7264346699067658,0.6164872443252585,0.951587567473794,0.6371250582368333,0.7654882152711927,0.6360004699349294,0.17378144327487252,0.9651697460992047,0.18359631405765364,0.7868902764778446,0.41864306396225426,0.1134759149612072,0.4753011626299848,0.17053910107577516,0.7504307042635923,0.3697995412584063,0.7082900081534717,0.762181636642715,0.342372016632843,0.3184516284267073,0.3066125401378157,0.89893558598927,0.45123414652096483
2024-01-28T09:13:20.531252-08:00,0.8219251001093503,0.7051004873304971,0.2520817526602095,0.9433183341167948,0.5370662980228111,0.7792010189038545,0.8095440636368941,0.534062146088229,0.42162059305407507,0.5608945555766982,0.16318285111069783,0.3218182386133383,0.6592682561483593,0.30317293611415036,0.3096766093657698,0.3812622115063888,0.01164055628956323,0.8613123904031746,0.26829668590021566,0.9147550411057117,0.0010340931045444849,0.9033159302658552,0.6191644996938763,0.3131792616198698,0.9247454211557994,0.8723694711299992,0.10469486841034883,0.4979451546752018,0.32139426196678794,0.5011211839929404,0.4848730185635204,0.31362771901407543,0.6504352655651523,0.7205664914665865,0.46703273989754923,0.6659627673204975,0.09612837313693509,0.8441224269210794,0.5835786946838947,0.6399092941662248,0.1638698820563198,0.18993283922012788,0.6364582259348377,0.1301587614781741,0.9154819911284601,0.6309756442666647,0.4273854426447754,0.7687738477701245,0.10843873099049242,0.5154994858132292
2024-01-28T09:13:21.531252-08:00,0.0052721853164675436,0.2912005172468884,0.23790077601058557,0.536371462200704,0.20919091779211493,0.8682541461881553,0.9934610247642188,0.11600864008731247,0.5520162184648334,0.7325938901172384,0.6269079909332216,0.13456456886463553,0.8359909426476662,0.6497280567661041,0.43530937610959064,0.2869074962085698,0.6412304234999294,0.7824002322776135,0.33243286064025707,0.3334345966711588,0.3919401628077789,0.07768630200483279,0.6558866375354336,0.4586013499877171,0.28911718681677556,0.9596443401964238,0.8754015743749578,0.7013927723359679,0.5319521780963558,0.9282638157886977,0.2516572260830223,0.2626110763806985,0.7701026482065304,0.8438519313084429,0.9686284156841848,0.8833069258244031,0.8171548071105659,0.569718076283482,0.724424417740859,0.6352382326531372,0.26271195855265356,0.3826710536841208,0.6189348474769707,0.8339475418852222,0.7640875687681958,0.3777986756342279,0.91345225900601,0.4366848082160003,0.6931800862858264,0.38302127260283647
2024-01-28T09:13:22.531252-08:00,0.7609171937095742,0.5694757844607605,0.24265715819763464,0.0806307405977458,0.15213378341457043,0.7198027738049458,0.3344677467943338,0.7677053630841338,0.4781091124222428,0.21153768979853918,0.5470070089089002,0.5266911729237217,0.04656271258939215,0.2256722012126537,0.32702136018292705,0.23837940426671822,0.08632119241701615,0.5125291508772696,0.25696137403391345,0.3110495008283673,0.49201749589214827,0.6658667141771405,0.5987212677231094,0.3224506750598096,0.6965762479171745,0.8914960937883374,0.30350412326009174,0.11958869986745833,0.13135684677341933,0.3747288838435424,0.3226635948975783,0.3251932697771851,0.7661966481453354,0.11902215369494128,0.21356451151474373,0.34601849153680386,0.5451362326735442,0.08184081648439387,0.2134107312490183,0.6464590895206327,0.8843795522493216,0.6962691703119227,0.5649883632796001,0.01154659634527203,0.8378924912383626,0.8537430784177359,0.5811079294979979,0.3990744937447508,0.10543665507345709,0.8249316471056508
2024-01-28T09:13:23.531252-08:00,0.5223712449552703,0.972356877503923,0.897307713006245,0.9748834712686338,0.06482873910185191,0.06114688985398054,0.49908769555382554,0.18513834245864969,0.5717749863591106,0.21847442352193072,0.8365517986619424,0.7807712290178932,0.2308618440653907,0.3589502844510214,0.3992085868626606,0.052604070700967884,0.3891657358557172,0.584010638005081,0.9609785971366038,0.6211148839891528,0.41603861862650005,0.5986826874403176,0.5335645678358008,0.11008175987490801,0.9852638403568972,0.03409273444229369,0.17734579136233447,0.9394294751616463,0.42224513868676106,0.3683460253348687,0.7356362187267641,0.9620422182954798,0.8219830661807167,0.45662361760587045,0.11463413587532527,0.9998936447271869,0.15179685237239196,0.8646109036256062,0.7622070803559987,0.056106955296799495,0.3055546927466496,0.5196068142753621,0.9274079977113288,0.4188121784951984,0.7936709483342235,0.38178041036548227,0.6213715848611162,0.1946160608472262,0.6720066361664488,0.9306136869601334
2024-01-28T09:13:24.531252-08:00,0.8745602399451686,0.25158340856332806,0.9214251828225489,0.5506705888904557,0.8675137022045425,0.71263390826501,0.6053308006328255,0.047751778237987645,0.30839671334610724,0.29658174239782165,0.2890265232425104,0.04799261274963345,0.4372130909320855,0.32420190184586134,0.45297445253512136,0.7895829269509435,0.16348869241807834,0.3525476174742936,0.321031624539194,0.38200565776656986,0.8724315424892748,0.8247572483610198,0.5630202698154799,0.22716676188631918,0.569269436837243,0.601928141698388,0.8765394506612135,0.4458186346380266,0.7999740312547653,0.5652899059838862,0.5010571830219356,0.4170577951591884,0.690970765983408,0.09341322381977332,0.7338346803878212,0.9284558245623604,0.627118068287981,0.6198066405727903,0.47027284090073335,0.32557562313075944,0.8383986941184042,0.12993837667836616,0.2487996197129139,0.41051524584116655,0.02277804174145378,0.8022734108537846,0.004806805042526948,0.6126259869987942,0.7002223757600428,0.24480834970228593
2024-01-28T09:13:25.531252-08:00,0.9487054714110805,0.30755759125149007,0.45734046526440436,0.6883620125455798,0.1047221536862492,0.9508901211520052,0.0873106839424146,0.6241129205395005,0.0019115670498772806,0.9741003869299636,0.8953253148473465,0.13847512105310678,0.840140733396249,0.6551971502277749,0.9490694266999338,0.09814682590805657,0.5736640364173645,0.17651436419719826,0.0899554526144631,0.6946267983587404,0.8087353662423559,0.8878206089807746,0.13844453758897693,0.0569449605531,0.2624528400319765,0.6801158627188187,0.07870297800597802,0.15236744043695852,0.29426171091617964,0.9273599579606161,0.7539499331701119,0.4779252459369047,0.49372787134277035,0.6810492503952886,0.0011140293143276868,0.5725839337412758,0.8879709723275,0.2686623717404501,0.04486763883389812,0.49025398771096484,0.20061803133811693,0.7828258965876246,0.7618807791831298,0.3010904205892672,0.01998956862820717,0.4747311129427415,0.4766192448810757,0.002630122822708723,0.6097250339347399,0.6561857006606829
2024-01-28T09:13:26.531252-08:00,0.31917256241526215,0.18224323342110388,0.8244423733204144,0.8628984361273839,0.928294001830519,0.14518874596430725,0.6373803520984445,0.9390386162419475,0.9193097130981852,0.890885509789416,0.6134101477218499,0.20887281328408452,0.17936978954994764,0.6434232820229904,0.11824898664820659,0.7617525844665092,0.9559170965649113,0.03707164427533881,0.07970610690658224,0.24402634732998288,0.5265532959822533,0.14516923185711975,0.02781321108412472,0.6830614086337953,0.06572899424624475,0.9522955678403134,0.5690763918917436,0.9672530370821113,0.7516484174005663,0.535081750627433,0.45866094531381607,0.3655428326968636,0.908950926046441,0.28491010707294684,0.7724363772704814,0.8687030306258176,0.8365163311614128,0.28714560555414326,0.9091173891752687,0.5144094597672186,0.9946689834415428,0.3193376601553517,0.7890689787341616,0.4492670768580878,0.9821106942194466,0.6372782285193545,0.6517330771223963,0.008406441276189364,0.905758754408185,0.654697634075653
2024-01-28T09:13:27.531252-08:00,0.28933559131072745,0.7494197666043613,0.6849452348950317,0.5926336222827463,0.30916217037478655,0.9659146098100116,0.010209360824770218,0.29173847778929335,0.3687178676432243,0.6387184319143616,0.7091831652841187,0.32563075392914304,0.9490127374458929,0.47301089461321166,0.8741362195669596,0.2583656973163824,0.9301319468391478,0.8633212670450083,0.8769277921621795,0.778029528799059,0.2974388985441086,0.6312655068560596,0.7167495927813264,0.06766482796676287,0.25088762644856116,0.5997978677841423,0.237209329002695,0.3051681982088109,0.31957127593620316,0.24419373641751937,0.773445397936488,0.14343898904972716,0.22025979219608763,0.4832767047017732,0.07176689554335164,0.21525196413922637,0.5888318152321791,0.7402108336992396,0.042620088450633004,0.9821439004384885,0.10133382970483933,0.3134976471565256,0.5645725480132534,0.42965645053386536,0.9567897493724037,0.4841179096423154,0.9913818174952127,0.9488662438047676,0.6987202757750361,0.07809535784734654
2024-01-28T09:13:28.531252-08:00,0.023089050376438977,0.49504212128038744,0.9446153313728106,0.6721547646070587,0.04905039186283887,0.30442687310233657,0.8537086718546522,0.7598192816362953,0.5196729281265947,0.9644599656697671,0.19705467428537862,0.16359680515765293,0.9003286658996086,0.337886703693498,0.7404347325661447,0.14287683659836367,0.9891729402225694,0.3349077470268888,0.9983849075972685,0.990508374977847,0.33096463368564827,0.42930082902678607,0.46091846598169384,0.7346425461215331,0.6983805368869777,0.7422214305061181,0.6898197141070003,0.9591470027641168,0.09185806934452538,0.3524236661181209,0.5795877510747771,0.883906870071601,0.21342708538050223,0.9106681415857085,0.5375506796501218,0.4019905058316263,0.9121009765507319,0.1240207318214861,0.9450670196688729,0.1628484270414273,0.42798518553557996,0.7674107746480059,0.10636309289926887,0.3558550924054537,0.8260888639644262,0.32726251650279253,0.32309155499369935,0.7042663426785752,0.3282950654574331,0.09217665529985958
2024-01-28T09:13:29.531252-08:00,0.0723432637734503,0.46421474623363107,0.34339314065617615,0.1727256555799603,0.6231652872402447,0.39493450823467185,0.6853865682102357,0.48710920651397505,0.5092836111470149,0.2497490390778934,0.5006234980793199,0.7591379393593809,0.7020275023041218,0.7036195570546784,0.7123279017140717,0.658263337771721,0.9756732754593616,0.013664747721186124,0.9384771237678645,0.5974943941461085,0.040333887509410644,0.24118058147898327,0.9484141613160465,0.45174832145185073,0.42688181794098917,0.4857341069560564,0.5042422786185928,0.3684188307091298,0.13351430749303725,0.7718995160611724,0.8866268453497353,0.1168056006601121,0.28936943683302,0.8400949690135906,0.518616873308101,0.4269621312525447,0.4658937114900789,0.6403851227316306,0.8409509614375463,0.1916555253718124,0.993583627644065,0.1870679164938488,0.9681373174420734,0.13819419982105324,0.6057160882311258,0.6497183368393629,0.7186761499545263,0.293603992349112,0.20257429015221945,0.12798676826299157
2024-01-28T09:13:30.531252-08:00,0.8781663014409016,0.5348472268829005,0.7062050551986109,0.8946042342672251,0.8260476391927797,0.9905376534365247,0.003583287171024175,0.2603944510141251,0.6629495260843358,0.3125246059443028,0.4112940968159469,0.5269628477830118,0.3476215073021671,0.3628898778555566,0.6045710748131583,0.7431271345499217,0.5650002874283896,0.7967104655395545,0.6529868299937189,0.7082047407729233,0.5700109999362445,0.08337827122196138,0.9155285171407194,0.6996974310564091,0.6434085211098941,0.5745217567698826,0.1031870623669327,0.806928117598977,0.782381457093863,0.3191399676381204,0.33856779105817836,0.8769947477755415,0.16705188256729547,0.27860852130119773,0.1458199352972971,0.30335752224237506,0.6982722526626793,0.5447875907692715,0.44288828779538003,0.5649369053614458,0.4816957095782998,0.3766446984288711,0.8098308311701264,0.6585108583191792,0.67669703622328,0.56688948455144,0.31438821491392155,0.11435758013506254,0.006363509331679414,0.11052232821789928
2024-01-28T09:13:31.531252-08:00,0.1312931756251211,0.9726379648985847,0.6373415203712794,0.8844023937092507,0.3833278927229567,0.27465699291827417,0.7084117532710985,0.7418591050957628,0.36357469878583326,0.383866882146314,0.4916626453765306,0.2829298820205741,0.7933900821273349,0.4496325615343051,0.17561105174491556,0.48132235500887194,0.7903181375669573,0.715640977054469,0.6831225761497768,0.26139920144309337,0.5376820565864067,0.2607091079677778,0.1402592027996442,0.3521704619469648,0.75526194549611,0.05649065844158206,0.9742279705809362,0.5640623322771726,0.42363740416821244,0.5893944056554984,0.6905189098072311,0.538569919700877,0.06389891221432376,0.5887505757475342,0.9353074831908502,0.7958570338752061,0.5950108494967844,0.7553740448850399,0.5272407997377018,0.5919175664998407,0.21085308755021134,0.0448758530057869,0.4276226613876365,0.3134435724600979,0.563812295819374,0.14128912604533192,0.15836257126378003,0.23626809532201992,0.7027262721039057,0.9388759331501499
2024-01-28T09:13:32.531252-08:00,0.6755430452355831,0.5138300540432812,0.877453767260276,0.7771125737405233,0.6721553728346793,0.8078865120357112,0.7361442535939117,0.5943614773798317,0.5738035179563146,0.08859808382162225,0.230463939670938,0.4461836871980798,0.29361047867107315,0.8042130470784368,0.8533998062435807,0.21068957178823663,0.010161632434786032,0.1452935453301444,0.9590964671326927,0.3110013332707555,0.31157937739033975,0.2154353637739548,0.035959845582041766,0.3009761476002907,0.6107321570075359,0.9532419207952474,0.507388663388458,0.310196263479331,0.8692305400758669,0.6293738605186465,0.6049177394091632,0.2934632887990237,0.5110879030443608,0.8138780336944675,0.8235759086043448,0.27040699941268087,0.974132078606152,0.3590092381304801,0.5719934163304579,0.5805672124043001,0.5838877585115948,0.3439605320597288,0.4439922961195565,0.3935672716810437,0.47538793377713906,0.30032828746522117,0.7075741221329876,0.41475750850488097,0.7897307070042703,0.8736675549375327
2024-01-28T09:13:33.531252-08:00,0.43532695968698504,0.23505326706466328,0.8751693806841842,0.2008308405812634,0.9122128368198517,0.32869852318658005,0.9987761905150025,0.07703908085981918,0.5064524813861148,0.8267325912427647,0.2765822958999436,0.25181100624274794,0.8503980466266439,0.09479485446905819,0.4295062872438381,0.1165887664780869,0.16225034065110377,0.5836977403056252,0.6186824785069509,0.8273727601428789,0.5985943005708717,0.13402965188462676,0.36500285405591637,0.6643194738763684,0.2774423535580009,0.2770481920130677,0.00558936127821756,0.44099055467061776,0.38211317510716936,0.5095953093900858,0.21842063162401237,0.8087901149433703,0.9241043058661909,0.07245624866033644,0.8649895774936208,0.4322808439959643,0.2661505194821956,0.992091958649167,0.40548791297906217,0.7592755884290998,0.17875967833533174,0.9670133232814532,0.8738153008022501,0.14811944079621417,0.9990189053102682,0.1853428837225528,0.3698807787746702,0.9610924954396312,0.12489248419023889,0.30875456158397097
2024-01-28T09:13:34.531252-08:00,0.793094544649339,0.8559456381127213,0.7302223417523489,0.4930400100807872,0.3205916782876013,0.9066071716663286,0.293689414188545,0.2984678733596961,0.9714662902923868,0.15475813474836644,0.2046514724192319,0.09720080308344331,0.8826512008463732,0.7624529323299137,0.5351161377321397,0.5844722053215117,0.5673927822039929,0.3730958728733264,0.8539536894265142,0.3696542675830915,0.929938543891229,0.6553164256403601,0.3305560595665778,0.15866445619046643,0.9767438971109007,0.6003545146900896,0.4837751564083276,0.11518278313239295,0.060801222411812295,0.2841078359333451,0.8095598815737847,0.20585985906418952,0.1412451328662308,0.8041276213394117,0.8787266392268392,0.8333843490775412,0.0783484408982208,0.034991496611649964,0.9834566075489061,0.7418699236046968,0.1326869014161274,0.15204163528260822,0.9435128856829124,0.5854701201829549,0.32302139796337714,0.16182489256506477,0.09820741097248338,0.3112613701903108,0.18200327726797913,0.06923064189819293
2024-01-28T09:13:35.531252-08:00,0.37996542705440184,0.9714067987313999,0.6256425944789082,0.46773477484773324,0.5158800944048628,0.39480609190647714,0.6650266161192414,0.04098811826337139,0.39931900875646764,0.3632014244963239,0.6152685940002646,0.9057797005393983,0.25280241522579294,0.4926713231978906,0.3722062589524985,0.539912303801184,0.35666862334298394,0.4422678868930681,0.43048956585725606,0.949537994019917,0.6525542768001334,0.6017828770148801,0.18059083896395947,0.26733203729661875,0.11885786488798156,0.6671836523352147,0.515719118256378,0.2420862578192798,0.5892203408768422,0.5371478550068249,0.37047621088903315,0.6482133664412331,0.3466173403865965,0.5886398881782814,0.46639232294465816,0.7698666459889282,0.7312359031904253,0.34020729353992246,0.7051693528454015,0.38698335360910635,0.25333408314542494,0.7676209658690443,0.7080983855001102,0.7218078523086364,0.9479891748475676,0.6777355974967181,0.7558043863532086,0.9489632138565437,0.09412857104524477,0.03059506007826145
2024-01-28T09:13:36.531252-08:00,0.2257402960941754,0.5760524054280864,0.7009203780036026,0.9599393759192946,0.07161080862276775,0.8390585187337444,0.20922220826133114,0.020380175242465735,0.5549409308057032,0.6196974354852284,0.09545817965972732,0.3104019899999226,0.27757081362645586,0.08702651021112535,0.42439647666685876,0.11822754451623371,0.9550926007170009,0.9657235594657904,0.6148820973010733,0.751601305846007,0.4385594819809239,0.45933796186680076,0.9001052551688427,0.29478186804319945,0.3251855823728783,0.9583731449104734,0.2664080514758205,0.2557594352122315,0.09941424127929396,0.27143202308657843,0.969025866982082,0.9328441356230763,0.9857950238447021,0.3682020960377442,0.7287485166586007,0.5933641133821002,0.014922467518191304,0.6766682347668511,0.8983801501680603,0.4812889035503653,0.8090542008742424,0.41695725653759796,0.18985502600545373,0.16480012487438767,0.8805157485405681,0.6105320437003775,0.6777460850777243,0.5936606396145141,0.18642903511994824,0.22302759029385014
2024-01-28T09:13:37.531252-08:00,0.9745775781183391,0.4464154459096662,0.3916678165092829,0.695325714849758,0.15119590669967123,0.7641212879743665,0.8335589254498201,0.8840129546019307,0.10341462512669618,0.05235131476118875,0.4437360574306198,0.631962953423951,0.5428076876518458,0.2981637714926259,0.6689887735452874,0.4295342284375138,0.2875439593900615,0.4591376106667205,0.27976424709843867,0.998503304660029,0.8914652455497949,0.6517956988038395,0.03702275905820653,0.24920708165294747,0.6903444182404795,0.967409219874739,0.47173937209926375,0.4808907390770352,0.6957071210164858,0.8745887911828886,0.6513064379329316,0.8362563579882911,0.768713946540441,0.30916691767691606,0.5985511276350384,0.5878721895872528,0.7315730050390529,0.6073497394136926,0.6886148177251413,0.5038895037775564,0.826342795725433,0.9602104964470204,0.8835852670120313,0.1995503497178398,0.48409773551440494,0.08082748441593988,0.7912301353112555,0.8113501883456529,0.736067817382872,0.26926944257158775
2024-01-28T09:13:38.531252-08:00,0.6112866840685982,0.889220108704074,0.10410497346138807,0.08153698429023885,0.2960934116217324,0.12081293697910059,0.4700637343551506,0.14274847101960694,0.4526502328337847,0.7985744519265665,0.22190767425786398,0.5002874181609769,0.7257559583686073,0.22126811061003926,0.28299914830167633,0.36330200921774175,0.2844527814704598,0.08879808149898895,0.5092011007493057,0.8869439116829353,0.058180790527871375,0.9079796936524769,0.6354201394040419,0.39124405625189634,0.2721249113400021,0.9548754875907663,0.4448571879112463,0.4387661328021049,0.47386775504369977,0.026589401599127226,0.7601004894936144,0.5721814756323595,0.7790281590830781,0.8456586877916873,0.2190640433248593,0.6020464640272102,0.6298766050964911,0.8881672325576542,0.4821315991749505,0.07120126669754481,0.868607847378572,0.39111885577743233,0.6960757907686964,0.4351106317322845,0.42117525743877,0.2741202432311851,0.17872893364358708,0.2721113369995436,0.5963858521684193,0.7946583400123791
2024-01-28T09:13:39.531252-08:00,0.8902576315287055,0.36422386932661593,0.1468735379094402,0.8701537087464086,0.8171965562195597,0.8298630602743758,0.7271538827359895,0.15432516880434824,0.1817006106003255,0.9510957543772274,0.5847255809319133,0.7146500833538487,0.7251901982391115,0.18896903916010196,0.2587518010707466,0.24253316844547437,0.7868378727105757,0.7082020705943869,0.5109736376516958,0.3188935162205631,0.4341033900528429,0.9990287037571985,0.5671202589003534,0.7232264914884868,0.7192669051577296,0.6071501339145284,0.27106953887984614,0.6180305768317099,0.5378726785223883,0.010439006969871448,0.366132701326459,0.222353916740948,0.7545560025325088,0.4418608014219269,0.4023690012922542,0.20222247678257632,0.006646668747433107,0.30856153566862776,0.7279111943712389,0.7876525744000805,0.8563725775750995,0.9257205849698659,0.5849062317223178,0.5187703591234081,0.3955272593395997,0.3731761480172108,0.140808356628955,0.07807772681574002,0.9138521618466152,0.04834770442158103
2024-01-28T09:13:40.531252-08:00,0.5448392336662583,0.017590971784215936,0.7682257455756605,0.8009416990689975,0.15472610286895708,0.8399654086412669,0.8822229791867583,0.9018156896032783,0.3284264703579286,0.022963772271031368,0.7071462612187087,0.03250699941174497,0.04629679670703341,0.9863955732707795,0.9118609169189035,0.46318581380950713,0.549930085852722,0.5200760722487557,0.3254216977227177,0.9985360768720919,0.6491480738838088,0.9224380098341238,0.2121074784965566,0.36913836727697125,0.30631454575828865,0.6240275020761767,0.4582431498255803,0.8468447280905111,0.8241069209332632,0.12594508210093522,0.7756306643849045,0.09769954564344528,0.10542285500244204,0.3050883081072647,0.8649267033035151,0.34466048457031834,0.8450949893160115,0.9517940100272756,0.42381917387278506,0.5700957087234861,0.35293602847877664,0.9680402455073779,0.3515284998515434,0.5646552533508652,0.7258036088363662,0.12565785863283235,0.430180464338046,0.5468430504235615,0.4345944269832206,0.6220822111556468
2024-01-28T09:13:41.531252-08:00,0.5979413502247335,0.4153092048412684,0.8644103715096175,0.6935677658827325,0.3524797091198083,0.6749124058440296,0.680816543478141,0.5387355867181085,0.23408139222255925,0.07462904384660143,0.5129329491198827,0.3283346400856462,0.7819178618437782,0.9387206513556606,0.25473017238301926,0.2173819966471251,0.9715568913865298,0.4486126729268876,0.436873536856099,0.45783188865733043,0.6525827709112221,0.8064564727593164,0.6888583978499825,0.20141357155353692,0.5897171531492725,0.6393975017714671,0.5574337700654031,0.11194469613217839,0.08023910021272765,0.15763636957737762,0.47212849669431645,0.9818227487466923,0.10543154244128473,0.5997004582783202,0.6788208207090524,0.41108512111949314,0.8589260262722977,0.31102332201659405,0.2350331451763458,0.24446203755002086,0.805818528479381,0.13349897060917437,0.17856343709855169,0.9044531934710028,0.09972308459843145,0.741056216606389,0.48643739341501185,0.3187692100169433,0.14544106140432222,0.23454536891789396
2024-01-28T09:13:42.531252-08:00,0.3939536350332847,0.7051303295104198,0.9211503599259413,0.6877020169366083,0.2264481279721883,0.1883693139969215,0.4961888643007358,0.6069148180995023,0.12821134026500072,0.7211275227168022,0.5712724690340762,0.7244277893608401,0.4718265569868899,0.8126374880452666,0.6773517075517231,0.8528045520897896,0.4773247308186905,0.2918098453565151,0.1374948914833894,0.025367592379891404,0.9565505174700707,0.7910001099331065,0.966154724843772,0.5395778655467287,0.2431259114492207,0.044654646503001875,0.4035304556226813,0.7212069066359157,0.8474995591963279,0.7490874425905395,0.5837103856583399,0.7468231462365903,0.6268730715310713,0.5469231197975525,0.43889107102292796,0.3251891447457088,0.6173037391307463,0.007556564603465748,0.30652897621305536,0.45459584195735697,0.7377461319679182,0.42558418239573576,0.30186082690240407,0.5897374982124742,0.19658328957311103,0.4799110468535866,0.8141439870143933,0.1720401278187793,0.3440539183036102,0.28157020326939025
2024-01-28T09:13:43.531252-08:00,0.1394015973962144,0.3724041572397658,0.4414782757343285,0.9656946528468532,0.9506139381233537,0.7750774558721204,0.4196892458948153,0.7298443032601595,0.5605101544858375,0.3689145254103324,0.4917521331229432,0.07194271044809805,0.7785464966958306,0.5347545489965315,0.7020696015427832,0.24715996579786456,0.5834172318641537,0.9757603808909355,0.36375736643651396,0.5846202174385904,0.2609827498799579,0.9116788691277875,0.7505917975804597,0.40160482163555555,0.6048610857585431,0.7872275496111648,0.34293618573333223,0.8337754682081391,0.38152204494687836,0.6103229371547948,0.49491893296657175,0.2079121783298947,0.8550651103681486,0.19613564483880022,0.0643497504381494,0.14939336253681973,0.8106625162655376,0.9735180581089075,0.9018719289186188,0.3483516936847836,0.6775486572465231,0.44450858394015597,0.6828009455581414,0.6531916400246558,0.6633537385375168,0.16266093914174362,0.983161622751737,0.4829779988902134,0.9997513405965532,0.8724798492988828
2024-01-28T09:13:44.531252-08:00,0.7522097052622029,0.037680050863073786,0.16787852764445912,0.9184630607573945,0.8084495709543794,0.4817544311869838,0.7845346209418372,0.8946070885604422,0.11587651807049146,0.5073303723567671,0.6652798062981775,0.15428697200962985,0.8790877787332559,0.6047521009724837,0.985480333157264,0.26987930872501104,0.5237087155539067,0.6516391971097081,0.720303930429265,0.47233941231466026,0.07632438407798042,0.449785658412,0.005347911800615748,0.9004192639634916,0.5095174146567604,0.10597000504213287,0.18115504201716412,0.12877593360989942,0.045298424048330614,0.7631137283180311,0.45530131640463894,0.7924327676078614,0.9043376751724747,0.09211424432037137,0.024846346833179715,0.5944207383149782,0.8183428996787485,0.8636695404799097,0.5359964572444981,0.2979257757549365,0.5220801042888545,0.33454954625604066,0.5893005156332439,0.40823546865899496,0.3580379418876786,0.13911367523081128,0.30379370389278687,0.3031546636693244,0.9511106659742573,0.7150618349994027
2024-01-28T09:13:45.531252-08:00,0.011597848512753644,0.013260612299527314,0.3107672944350926,0.07370682345944661,0.637111425245829,0.544286709536779,0.31552835635945964,0.8376959609792393,0.4372757438472396,0.8818160494316172,0.5093923762498912,0.6401240311910905,0.11635109758666058,0.8551487680901021,0.002759665829685054,0.09135871310843265,0.3455029503661727,0.6721095552395433,0.6249871542599588,0.991206403255599,0.1728725812847982,0.3433584490904533,0.16493647089966795,0.7070895743173621,0.6012887120898411,0.38690822408261144,0.6283144592118763,0.7533204034398288,0.9739950605258937,0.24722583324267466,0.5661351634796467,0.6058688239159294,0.30001196428409904,0.7127356224969262,0.4734975540823627,0.42840997181420276,0.49599088266086533,0.13028154854291585,0.27197592875287746,0.47403439171891276,0.5925323209090922,0.19041127521633847,0.4308169208680562,0.9152985933660044,0.9145299684832908,0.6175953914756188,0.128413955706071,0.4850742240936204,0.5910408253576299,0.33205845062783035
2024-01-28T09:13:46.531252-08:00,0.9949641688867253,0.8231258262435314,0.311287965823488,0.14551144315957468,0.058792041083076486,0.23031533919268093,0.6138428696912357,0.658021247952854,0.20060612268303957,0.5753173310683604,0.4448340201080628,0.7444108521603864,0.4767028803898148,0.6466254426673217,0.26650811886707404,0.32299479014393023,0.7194133880992316,0.9304550812555981,0.2228586617162757,0.3128316651844192,0.30929598275347525,0.9697105647153603,0.2065544164771585,0.16533413242872644,0.7884050777145948,0.7183640609361317,0.06322203346582396,0.2824182530110373,0.3302288314843897,0.011372603044718784,0.6974000429085749,0.21082528933345995,0.674983558536691,0.9967081055282103,0.4435174232180392,0.8427190842555905,0.2228284872890057,0.06429005395680397,0.4232418557113146,0.1128020242527606,0.25274029426629935,0.3156001760829382,0.2912162377348716,0.7309312118094429,0.8414479693709664,0.6723150053988886,0.9432834951582337,0.7224040545653999,0.7914391370540754,0.5009466557483154
2024-01-28T09:13:47.531252-08:00,0.6974148163151332,0.40326049817610476,0.31946126214244236,0.5703359076667999,0.29308411893700315,0.2874348197092639,0.668931100176513,0.058786247763454216,0.382491919850893,0.484568620751206,0.7787580968643273,0.7509132395812087,0.639268129456498,0.47084514459862237,0.17448708887254577,0.5778824458550194,0.2676546179673267,0.714991678598696,0.6468359171457873,0.7392398086408047,0.8114405332148339,0.5176473203568207,0.774457672719078,0.7506222583762686,0.14739821640348785,0.35163992578319736,0.6372400109565254,0.8790024047723217,0.7901521910118016,0.6767797032646953,0.874246855396121,0.24706920515298228,0.3883111750520169,0.08699158729045414,0.9665140471801199,0.06104689786373212,0.3497853430520915,0.04782791844075622,0.5010179185310226,0.823942071205287,0.8804497335347965,0.6038872144280476,0.7952342383688196,0.687786420660496,0.13120740347302898,0.6713240776891735,0.9265612191558351,0.4964599945946456,0.8122756123720462,0.11162884112279146
2024-01-28T09:13:48.531252-08:00,0.44301475894455206,0.7954887340438955,0.4268230400872575,0.3395147720115485,0.695786360093134,0.721001642576316,0.577518179875814,0.6646313671171034,0.9012415501737953,0.318224117134349,0.9674959405227603,0.3781397848358231,0.29365436069110135,0.9469683402292494,0.44596435763820147,0.8568017577081072,0.2094349336977026,0.29204146923283836,0.7903130368535092,0.09171480064084911,0.25906663802990465,0.768450394970469,0.39979774778562394,0.09449419811321523,0.33812771670555614,0.05636037303540187,0.7172959586928602,0.3891734201042776,0.23441541773892116,0.31979450106365803,0.024626171303358944,0.8856957368587158,0.32728767032080586,0.7581601845987637,0.3277021456603295,0.8779607379751245,0.80618657208311,0.6710954685248652,0.18000410142094084,0.5692122557088558,0.3439624769286797,0.09250588309511466,0.1779843308206906,0.2759052173981492,0.5883471038946386,0.64897194774852,0.8828937251859209,0.4139152866327855,0.20418480614876283,0.532791211738786
2024-01-28T09:13:49.531252-08:00,0.9985755930825267,0.26203779348744655,0.2208549808551723,0.17266501804429601,0.8015728179444088,0.041494145488096774,0.41916323513265036,0.038927328556488505,0.5958088084464859,0.20233033277482054,0.6688437729586655,0.05306783561828999,0.11247298165915014,0.5111075826963433,0.32852153854208677,0.7862155706848376,0.7055429547858445,0.10708979596813656,0.7946238925656947,0.5259693104035829,0.7811417703828394,0.6687401141418406,0.3020140777363966,0.039753664652264355,0.49681766152979423,0.4476427747428978,0.9169663654174235,0.6999148165041743,0.13355012999082327,0.8215573800000437,0.14381417021338977,0.8062209363109709,0.4747395922315063,0.13701917839744135,0.6351777110866651,0.5747948997497417,0.47934089215537234,0.6367867710901957,0.10613566671330214,0.2924226620943477,0.960806114786624,0.3188550580643033,0.060211601901913075,0.8078973891170333,0.05713539782569264,0.6939627295257571,0.404308767741048,0.3358602103821933,0.06618050148915326,0.06474030902919538
2024-01-28T09:13:50.531252-08:00,0.3283262833277392,0.5293961595627356,0.843941212733971,0.24653145171589452,0.6037829559535142,0.6404054925553466,0.36138368689195915,0.636133030901778,0.48364084701905224,0.9224478731401367,0.9452065247701485,0.8320898688662305,0.41873871273403707,0.9921438386440051,0.47729801727564763,0.041950748467028676,0.20680992058556144,0.5799456161455426,0.6394010933917881,0.029549662261394192,0.5244227742793637,0.2341098142759336,0.07836384421714436,0.29605062998321346,0.10205869379851626,0.8199683951843983,0.960650735142382,0.6952922157737004,0.4522664031892559,0.9509484957635015,0.22894001723113558,0.7094006551872417,0.8366915370223835,0.9542495641611375,0.07889016399319541,0.5902188526303603,0.8817381696892294,0.7628601553232994,0.6635401887407921,0.12453110944925072,0.5177682430312306,0.844051197584818,0.5932528672828091,0.8027491863812893,0.2315256816481075,0.6470680700746184,0.7782908410149069,0.46989655946841313,0.7780270798600438,0.32439024998057275
2024-01-28T09:13:51.531252-08:00,0.18843103517211324,0.39517031796466373,0.5213460764738598,0.7448640971232338,0.877980160915473,0.8963978164525184,0.5073939625093054,0.3637551856110683,0.7926338411408187,0.6428644205703055,0.0004352572893244397,0.08917248497243711,0.3038974519932886,0.31968620364508166,0.3447364440206867,0.6125175314683817,0.8663943477432318,0.4992555494152042,0.3322454748294675,0.8536041539451824,0.6740432632537223,0.8497926264283765,0.5745916190733047,0.781802041597301,0.5313278968379183,0.8222616034751838,0.46440495938013776,0.4928954311359194,0.2293440429498795,0.1809631285915891,0.3812477394413409,0.9198730278407692,0.18246746498288877,0.7159035589879089,0.3624414289920963,0.01457555891220303,0.6570644496371931,0.632640820193533,0.5453487068848782,0.4739693906317405,0.37231588267752497,0.6252276630085299,0.5150541419669955,0.3159426515009084,0.27827210038398814,0.9344656108483973,0.9529867068288069,0.6447776552896943,0.6440846459059976,0.6481282651881418
2024-01-28T09:13:52.531252-08:00,0.8011886121344454,0.7257560908239894,0.3845487510619296,0.8382083995375299,0.2889030161492,0.5888357203833062,0.04505580994979136,0.9883566568842975,0.8603100560398065,0.9910542328646662,0.8652317530258014,0.5779679585802717,0.9527674328940275,0.13496327345305767,0.2174158656862165,0.6196427080928002,0.7538949840804743,0.5485942305896752,0.7048220048106335,0.9895802918652672,0.7087996278361796,0.7033000539729789,0.9641324695578226,0.24734490216785512,0.9233365704248605,0.6448829598651601,0.5688719845388918,0.9422321928208119,0.2098728295433877,0.8810385786730697,0.42792461504042545,0.6888064656091816,0.10859612282738276,0.2370012466899076,0.5977579676717198,0.4633750503897612,0.5967902266995576,0.9501177532574503,0.6755819914984647,0.3730774729697688,0.020079986705960704,0.5117626204493022,0.0839002932111231,0.6565355225308454,0.4694413303840963,0.19827684659186304,0.3207179670997548,0.5003342448822645,0.3196801712905753,0.9887685108080687
2024-01-28T09:13:53.531252-08:00,0.4436576581231869,0.5159557998481676,0.8024375618975276,0.30442731973416703,0.7939122555765439,0.8229056020352375,0.709073798446101,0.5644553974048534,0.4763561027050005,0.21419571456170902,0.7413956843234887,0.8534976276508309,0.49885447704931657,0.5612662770129375,0.142622801146156,0.029315630591378847,0.7624154645070975,0.6441403525929117,0.9996587177748197,0.7084790809996133,0.43518064595030626,0.06700578475506538,0.3290108377699166,0.41457165033108184,0.2441014069707832,0.8636965769433566,0.7973466606688789,0.348369131004356,0.5274581153356326,0.26637657772579637,0.8660449386706403,0.4909587033230678,0.9576216189058162,0.5249297105881634,0.4900844809680015,0.37389346090382897,0.10460470980662695,0.918092854332518,0.8386245064547995,0.31486647613898733,0.8917419275111585,0.46913385756256154,0.5027999217603423,0.1179926643022024,0.07947371698706304,0.6348308929619697,0.33895623566323607,0.1439462451849371,0.18985934364457627,0.8958593957914119
2024-01-28T09:13:54.531252-08:00,0.29362661357528036,0.3341385023373526,0.060850717670047016,0.5110635647183708,0.20446494687565916,0.4727287317251281,0.9927055535166577,0.7216557806936142,0.5830910674855443,0.7273369320090513,0.35879748546147355,0.40645222939312914,0.7575815697057773,0.8401513412294155,0.699420701194617,0.30619567108569135,0.9970327401149515,0.15961957292871487,0.3733997371093601,0.35472028217281076,0.22655277467805207,0.8815365137004859,0.3855957638285755,0.4759003239012173,0.5538476388439617,0.3583498723385617,0.1980326104241874,0.7581233354144796,0.8324942554212034,0.3853179599764223,0.5785051941032172,0.8389347198957066,0.24698497927782243,0.07237422858134683,0.7742747422542057,0.9599725408554781,0.2601950252868828,0.9122319242004266,0.5330387169214279,0.3324160263169158,0.6540129157656891,0.23351496358862256,0.8511584551492917,0.3984455095135857,0.6762966787453064,0.608543053949452,0.49434950660962135,0.23456379349771248,0.8732269571386335,0.21882719231982756
2024-01-28T09:13:55.531252-08:00,0.2896523147166486,0.3301334195639343,0.3014684268536303,0.957958157227783,0.9782610641297502,0.8187935105351165,0.4185893816668316,0.7745793084828795,0.9471990569895075,0.9208191678897009,0.6024814239370488,0.05674960483665581,0.06750011796646804,0.38049536068143935,0.0486993613244628,0.6207217563877506,0.17681191452736572,0.5488875309486358,0.7659054399738552,0.18285526443687858,0.8706147593787248,0.7682501030319365,0.31190027482705995,0.911743515191893,0.5051565404536711,0.20769857917048506,0.8311516691544849,0.8647657058334721,0.5520843616831342,0.11197548447241881,0.03773785253733351,0.08850193277759535,0.7096754227513015,0.2881427105034808,0.6658653370743696,0.8002607576809154,0.6024667757987998,0.9722169502422193,0.24986292679692337,0.06187503095371,0.7760812609843428,0.7037508438299376,0.17894302479821392,0.3350852905449013,0.20762787238484104,0.9802357731357632,0.644402323667997,0.7796073510450394,0.26447697912455426,0.6434516807005234
2024-01-28T09:13:56.531252-08:00,0.34848385579835617,0.11562014172677265,0.11360943490524508,0.2121016399828726,0.19237865407745516,0.8364428776189368,0.8267294134600203,0.8310998692553982,0.6278989034934341,0.04961669733368846,0.6813232160806939,0.4719897596951716,0.6062855406362345,0.3023028639730677,0.7386582861452603,0.7091293853533006,0.3100795587380566,0.896805487946285,0.8013550420842483,0.6573786197481628,0.07464866044089684,0.7635074130173078,0.5942695587055837,0.71213975072602,0.04680951507437174,0.2416500069031247,0.217203509437894,0.9543045449934535,0.3461834748645184,0.5127418743099211,0.2641744495745599,0.302151255797579,0.7488344256124384,0.18159029930648854,0.21794841858233654,0.3491958760416192,0.08279993196311283,0.8000377604253257,0.4049502990762431,0.7707320229157064,0.5913697937355755,0.3570918216626472,0.4480248922601607,0.49238616293247084,0.7134621669082862,0.1105880763178028,0.07972781735223752,0.05340800112677278,0.1568111497312245,0.05370547501338173
2024-01-28T09:13:57.531252-08:00,0.9011308997949143,0.5873819848375581,0.3200768038224004,0.6850414433341278,0.22302769151009358,0.13357813095714605,0.43096539398731154,0.37403927750484994,0.027836171211730345,0.9678317440722857,0.7063476436529795,0.18246013213070725,0.01825610016851952,0.6878442390369846,0.46292362398776915,0.9523298858142352,0.19775870093252557,0.7876644766338793,0.5745896420394878,0.06933780441546755,0.4999264233797965,0.6468443117356827,0.7394869782965745,0.14669156250061802,0.39786564606353275,0.0095359053218883,0.8294148027931287,0.4617755974339982,0.9321941694737595,0.2099922808494593,0.6954462312016596,0.46159876812964756,0.3779624569472776,0.49354621223767775,0.3312883620201005,0.9267624934199212,0.3821891066957323,0.7835510291658632,0.22551153200872967,0.05390694836457326,0.2613298530866014,0.17831955889299625,0.41799026367946995,0.20479051049704486,0.8335816025158947,0.2361083983107,0.7213792938867679,0.5158688913339528,0.8352942350814986,0.999688905406948
2024-01-28T09:13:58.531252-08:00,0.8575307861868163,0.12440279802667857,0.49863397014868843,0.5563385707464964,0.173880689702802,0.6996369481850128,0.569059697317738,0.5927221365584451,0.28650087663329254,0.9080781925230456,0.09562919641702491,0.7343740325815411,0.6033928121624497,0.6339228563971964,0.16978386840215628,0.2845064158941627,0.2318528535992057,0.9142753504921591,0.9426876987522493,0.7974208474895697,0.14695968754958616,0.5861882901576493,0.3117633009519989,0.16307104622241855,0.44641088110376576,0.02529622361380328,0.6172589849185862,0.10320823833001909,0.7926161667505979,0.9156282149232595,0.7297895298335798,0.2647611804195953,0.9325597754978407,0.8046177177893127,0.13591588066186824,0.8290833085337063,0.5726388800576563,0.8400228440547309,0.2401409199248388,0.43739902304378847,0.640848458121122,0.4431761409928589,0.5511981652552038,0.6580091332393119,0.13129583871186937,0.7522526934812311,0.5273736745838424,0.49684170123708254,0.17929675302629475,0.08856289840375055
2024-01-28T09:13:59.531252-08:00,0.07930034281379887,0.36890608470659897,0.9386915831246849,0.8093284338288741,0.21336275788846776,0.7490607559598916,0.02587636633647881,0.1874992972831347,0.7771539590799338,0.42406597194906936,0.4884287619993178,0.13170862539180261,0.6023012958482512,0.5606730276876716,0.5279201053260157,0.8852918416112352,0.6025612850534084,0.8582318138513904,0.3857441325431784,0.9782243651197341,0.6147913897835594,0.364346432517122,0.4737418416464313,0.5612812315426071,0.04913018093604857,0.7076866348158343,0.2503033733591756,0.015905480090493064,0.9903760520819488,0.7671632262357356,0.4722780390698829,0.7304892838890321,0.0789768577922486,0.9960374964179989,0.28545463416545086,0.5477337607175788,0.5169310444941106,0.573667556590738,0.5532648762386736,0.3853439151669683,0.246611160219169,0.33991378428947994,0.4157671800365429,0.5763381177301435,0.9293644321412421,0.8866136823595981,0.29984239510650423,0.43429737237875826,0.9622370867666092,0.993266848793007
2024-01-28T09:14:00.531252-08:00,0.4459097560749756,0.9637016588942323,0.05664203766559575,0.5050664132590523,0.33539471449035224,0.059260591649868535,0.1840030697041383,0.21728950119875773,0.7554612748993736,0.6870180653741403,0.2517466962119751,0.22882507701456184,0.05341766889323192,0.231531095641503,0.8981463307057259,0.7524000053230869,0.7166696266479348,0.6437926192680666,0.986682838785275,0.7880038673007227,0.1815321337269618,0.31919131477683504,0.07562895002793474,0.4990872484143512,0.6221748887967726,0.09178146370713945,0.049672957868632135,0.23732770215965493,0.5872439055055855,0.8183871294524555,0.8690735065960947,0.28532677369506365,0.9771795409251027,0.3197773826299091,0.4459230249409334,0.3019155357053892,0.7002898617450974,0.07332553262782174,0.5064174932464665,0.5040995848481715,0.3070477155473995,0.0936075856341847,0.060816002412003155,0.6768013314618347,0.4393455715568017,0.49190437624800076,0.4809557709007488,0.8491190173823507,0.3002044622655997,0.009135999975175536
2024-01-28T09:14:01.531252-08:00,0.1406709232316213,0.14043146557777286,0.7609474322209389,0.9206315777232543,0.5024172194103809,0.9138602289000642,0.8209339222422667,0.6644409301568964,0.06229855116836203,0.8233217566539721,0.14488196828651537,0.05143574474133222,0.10336917644180676,0.19524449611699324,0.7426781723864261,0.7747518332446999,0.5374156233197219,0.8764716453435065,0.03330360875405311,0.7568753053271472,0.29071493374138274,0.592998517666641,0.429667251385361,0.05402681058420064,0.2227099376949092,0.9082333274709397,0.7380709503864554,0.9735204244602945,0.5051829917607774,0.1287434911964168,0.8708535339076626,0.1247165650232284,0.4972594720765863,0.5982895814981174,0.1719045761993459,0.7398356706270578,0.12386024397311148,0.88247245635865,0.5153503216642715,0.7848191509695629,0.03382466634372638,0.43653275317091333,0.23217351949790452,0.5539895525962691,0.4002941841075035,0.700405225418886,0.004562412820367613,0.007615629860995801,0.560505064967428,0.27741511133980706
2024-01-28T09:14:02.531252-08:00,0.7622019341104869,0.40331887269021105,0.20670460383567824,0.6684832173156079,0.6380114661797723,0.8150149271015916,0.24633060833568393,0.5462747019100758,0.8785920356043547,0.9267411446970839,0.0465692121412202,0.008733255029757274,0.4111375154710531,0.9527534806275347,0.9932248525644252,0.9316657392792129,0.41483403607260744,0.6586686916784348,0.9426779451840333,0.4984665300862746,0.045551839770777855,0.6341091670068721,0.0956562234804104,0.10794082038047577,0.16732760098310076,0.9594778972141885,0.714591105595522,0.7474504657894573,0.3676879452330796,0.5093292382044559,0.6700899074880634,0.1298948650102466,0.787800139256684,0.6669983787953615,0.8777523479044076,0.4705225033577754,0.638792734800486,0.6918636412189048,0.6617305410014769,0.03445023795490911,0.7419140407950167,0.6534798060326833,0.6595566570458279,0.3816645930690258,0.4097044670589821,0.40302716703736663,0.2712226719498687,0.9156338890947633,0.8535871029067063,0.4226676700759379
2024-01-28T09:14:03.531252-08:00,0.2645247838152876,0.163719851121867,0.8570603509240777,0.47373707221656647,0.9314953275980606,0.1559895368073214,0.8179364622182504,0.5197193971922137,0.32193281138458496,0.903535183169592,0.5284151262890969,0.10349169292420274,0.9503047648170916,0.7687238155959067,0.5420747445040646,0.21062410482028862,0.8476549310673503,0.8340168598052191,0.3252808832831371,0.02527674588005648,0.8355550949790344,0.1800306791021853,0.6122064368753296,0.7239251339300481,0.6236583474418828,0.8308794449781559,0.40994272469167886,0.8479239529565243,0.5494295746133893,0.1436513163910427,0.3745241781557461,0.8178287734712107,0.7303397959982294,0.5600341557971626,0.22726946371746048,0.8327368551123292,0.8148859849887855,0.5510316078434971,0.2043794437349319,0.4143203185820945,0.630178909480068,0.30512912774434564,0.8119964064017726,0.8040241371867792,0.2188291103511823,0.8571120078368771,0.637040436854159,0.8187267637812907,0.6505238866223332,0.13231312688558178
2024-01-28T09:14:04.531252-08:00,0.41915088983092746,0.07088826713458599,0.8500938257716568,0.6827762366623868,0.9095388357092896,0.5766444214038383,0.4527459829774545,0.9371044927963136,0.5548393993576957,0.9571876311195859,0.6782312435922608,0.5290439360740388,0.026234743427094667,0.6859042680709134,0.4315327978771564,0.41150822129501025,0.6490633661039781,0.9965275917376708,0.33022065206150286,0.48014110747787003,0.6318049746901402,0.39671261871251123,0.7082056064965507,0.8331953268942731,0.9175003152962741,0.6435135879353184,0.7989087256941413,0.9221623857246473,0.4523608099328705,0.9900088358943013,0.43484419945098984,0.7004905295047943,0.06894893181422942,0.05730074653820956,0.07394081821261454,0.8121741253916389,0.44171160636074125,0.9558447203664412,0.5740983072204168,0.7111574078807912,0.09523306054129799,0.9835021002148983,0.4415994155094952,0.21158161648311702,0.31446418577457225,0.1493238331448959,0.9343587045123759,0.06921016764200927,0.21944925526513648,0.3342036665702987
2024-01-28T09:14:05.531252-08:00,0.6724410026213384,0.45981738246604514,0.9654400728275987,0.7929960061696377,0.23082352877129664,0.3986570290828239,0.9848060072260676,0.7291122922886377,0.06368956056574657,0.3193686063916383,0.878094876324905,0.3471771318152174,0.20824951720220583,0.9556849586652699,0.9043691816943333,0.8921232827415434,0.7905338322918526,0.6707601164647308,0.7401113100104291,0.7986968721558207,0.9955636493916957,0.10485988791276525,0.02258247938438585,0.2083252205820731,0.607842011487144,0.05630075544041545,0.21354549425866556,0.7705753604406584,0.12626637640493393,0.5130139074740548,0.6318611515298396,0.9995626818701568,0.5507146423174969,0.04909335688085406,0.5771942080189179,0.5808757842288644,0.4979076733672994,0.7641912693763662,0.24335870864615475,0.674291245553751,0.16872232985623006,0.47676731975327646,0.16189732820455166,0.28613684353358876,0.23728416910935302,0.9142534564827343,0.8139537245533386,0.5139168163079312,0.560915321269701,0.5524728796289744
2024-01-28T09:14:06.531252-08:00,0.35532036646185733,0.6667176224926484,0.4532180224144252,0.2080297422593308,0.42927301888000075,0.16703888456967897,0.21563677842132103,0.7395496385162138,0.6360540380427417,0.7611405794151445,0.5843890973461926,0.7108824401221256,0.9768283165732996,0.2997532690640572,0.8152633663277989,0.6439070698975474,0.404138263470886,0.7981430570182753,0.89835660564113,0.23853734060652615,0.6892703586117662,0.9996251634602167,0.31533167106086685,0.13770366334657275,0.30005103850648773,0.13434716933029892,0.27535185989606514,0.7289699940884329,0.7953967426005502,0.20652968607084227,0.14034125405811365,0.6161461900123237,0.18167162899253383,0.3429145787107028,0.8095590801558118,0.9358634318630101,0.5805624560934155,0.32118336648964324,0.6136865531404064,0.7844006025975443,0.9488458739248533,0.8075783510082588,0.7168478461826253,0.5509099590282656,0.5052304418670677,0.9627059683067889,0.38644283690111647,0.8767228534605983,0.14174829105956227,0.5892294055357472
2024-01-28T09:14:07.531252-08:00,0.3719659339738802,0.1814796705060838,0.7372865451458688,0.36520304051728397,0.35928035852094087,0.37048642921521985,0.817116773817945,0.4615568909159945,0.06996909019099207,0.42532867082674175,0.8404306135864331,0.4936113857940218,0.6036126615046793,0.45241404801055796,0.21111206165379284,0.179372576487412,0.47480872048597,0.002775608044552356,0.7571548302555416,0.07206253078683565,0.3881109905424352,0.6092044262918908,0.8981368677275577,0.9390138486378525,0.9522064036388469,0.9726100438095334,0.8513384817524865,0.5086262255584972,0.5832650301335282,0.5582308831627438,0.45801821710196877,0.38374857605802576,0.13443972386756897,0.8777208812957051,0.8734989608632294,0.9632218771541873,0.0647289650999535,0.03096270510175867,0.02016767205680829,0.12450945882390893,0.9468114021819155,0.6085432822584029,0.29872728776719004,0.6480186155695777,0.6063261172490915,0.34551915027733376,0.16981585133418575,0.9434088619674437,0.663228741044126,0.8935341303937359
2024-01-28T09:14:08.531252-08:00,0.08253575633435858,0.5753158176179207,0.489565011340219,0.3144922311560604,0.909502216055286,0.052277118381238295,0.3104500594958849,0.2262362037027638,0.586142645084548,0.752402169705731,0.9039652812017773,0.854109195078932,0.8708931155738459,0.5686434542550369,0.48457967528808155,0.2874555605392621,0.4312812904027143,0.09102768313967605,0.8750169267325382,0.8775082125861032,0.217936753067831,0.5922453890519666,0.13179705542923847,0.5746043425533441,0.060525339068152044,0.6584153930083261,0.13111569196472928,0.006143988038957511,0.9194969498246292,0.4122060209238342,0.23185914791823362,0.3687423264589567,0.14518519007271677,0.7456186357269909,0.05779623791765623,0.29648823968161003,0.2814656899058279,0.8062491940786244,0.5127753606178677,0.5964893566797888,0.015607159111707705,0.5432293018654737,0.3744726219216757,0.9183550269421472,0.980068439527511,0.017156735951572685,0.4946571568457545,0.21502814117745833,0.1879712666408031,0.8579676169518395
2024-01-28T09:14:09.531252-08:00,0.3403101158889952,0.2628917415216755,0.2542393927088455,0.4542519955079837,0.8712367745979835,0.887150945729454,0.6137396308105444,0.1284003635123748,0.42011883994988736,0.1349627888111859,0.2360730511776249,0.42740713524502544,0.5478984495392405,0.06114430346737956,0.6791684052491955,0.8398325776135029,0.7718558812590649,0.9251767540041619,0.03957213996758437,0.6552965370226785,0.5065710028182753,0.11344751061010236,0.08464301269981694,0.616909590763453,0.8585527437684652,0.4246834678111447,0.7521140410778544,0.40946525908908615,0.22348873313952095,0.19223296127402895,0.0837960552969316,0.9527050454212284,0.9667235364414742,0.5076460463853896,0.990819533508037,0.9584289129008542,0.8958965489203727,0.126979029078816,0.8731069894246578,0.027025823051255716,0.4900738039753485,0.6615090140816033,0.40690360089779126,0.013994081385872534,0.18026364787837437,0.9337171385052805,0.8871022752588463,0.1788301683828755,0.8218331468283147,0.21689898937361118
2024-01-28T09:14:10.531252-08:00,0.12695289622169217,0.28594241244876517,0.22611723420500138,0.15622349333775773,0.2163594208387471,0.904243166895728,0.056989651945157496,0.9314716043994309,0.9365769234183176,0.9403455765094296,0.5121832911129376,0.7479789969232188,0.41079435606580395,0.664292757859036,0.5762242367733433,0.7281002921427877,0.11965980900616259,0.4100933821915972,0.883697865726437,0.5377515166748256,0.7031330240392056,0.3892331236672928,0.6187100824644614,0.9042938562205441,0.3740927329582042,0.908127771579848,0.5904168536592074,0.3777832163208828,0.9848453192404732,0.2965693081780664,0.8921833385110564,0.5101004416695123,0.34466483000544157,0.49535386124349123,0.45038537014523655,0.0008656839528036926,0.8713131735885294,0.6341587115279131,0.15688446316113872,0.7230936077896933,0.47537783425404345,0.8760271906722973,0.627780180689527,0.5682025294493521,0.9448827319674962,0.26272339930922467,0.6457242436258616,0.24869046960826607,0.49947689643327436,0.7647436595138694
2024-01-28T09:14:11.531252-08:00,0.42858449367997037,0.2575622151168033,0.26526660095528604,0.1592348261136821,0.4964043831072394,0.7300113953437917,0.13765625528460462,0.6564945508327168,0.9497818689354635,0.4365992564919843,0.5735197032052403,0.45672146653462253,0.42335200151364255,0.19459869619270886,0.6642666170364112,0.9390512872844855,0.7102028154826581,0.7257129311086709,0.04596208187453684,0.4162550204015898,0.07458984399560273,0.08883542659571672,0.4377647212402096,0.9578816515152657,0.5249494363440389,0.8389621549576036,0.18625410737906484,0.0440644086635602,0.531385317086801,0.6893786200677523,0.30083087005882087,0.6851842189787903,0.4688272142309787,0.8346924707053681,0.7267879202126187,0.9672043686552485,0.0669164952997928,0.2875414053976818,0.3743963537865796,0.4831151212631346,0.7941805534362741,0.18381123980658076,0.786271101324105,0.20620140310587692,0.5732927200509546,0.8685965472995405,0.5230475785135411,0.5466621987256568,0.4742609536197788,0.691119039932608
2024-01-28T09:14:12.531252-08:00,0.3053081118185765,0.7247611747417924,0.0931433684304404,0.4401836491646179,0.050443562391081984,0.14390871575914307,0.3361814275037098,0.2554688362307874,0.8995650907572423,0.6372044937590112,0.8262497797486955,0.9490812676307586,0.8436611942474128,0.13284894362899166,0.02486785220701651,0.47230912108199896,0.23792802440240596,0.7569771380790428,0.19153104532135076,0.4398605057943484,0.10825394910210126,0.039894621765288185,0.3416294108588341,0.08863556062181498,0.8252722897741505,0.7239693839311437,0.15320690781800667,0.5408124922479026,0.6896777439920548,0.8927457238458797,0.9606441393303456,0.6921439789877647,0.5171101345338812,0.8901035714550652,0.7309390879536768,0.19085656701026477,0.27080117746301346,0.08018556824988755,0.46469935018247566,0.45198826141107273,0.32255299067446147,0.2030778551964751,0.37397806649222487,0.08840085228753258,0.6825299589197126,0.40455436097402414,0.4431134334860241,0.2592541191862464,0.06621762944371808,0.9121544841644896
2024-01-28T09:14:13.531252-08:00,0.18542755702033195,0.02261060169032984,0.050135259410744634,0.9389739880027176,0.23286759344037655,0.4346441861331687,0.8868568812708807,0.014169884094850697,0.10365334273196017,0.8256763973208924,0.951594282825013,0.5225848914671891,0.03836968772397323,0.7677453244241823,0.2729842124152993,0.3610258389355521,0.47134037222354985,0.7512080855356068,0.396954895018666,0.2731850277759925,0.13865335808443685,0.4059069134305521,0.6682859636384357,0.6199513796540804,0.45178746296142724,0.5228686200942722,0.0713675364832076,0.20021714979666877,0.6452756360478793,0.7401173108812459,0.28026301428696443,0.8088525827794573,0.6606354971766708,0.6420362315882328,0.8276296195392265,0.3760761073346233,0.6973869454514537,0.35543320919574417,0.4121721255624905,0.9285407624793005,0.6893172646377934,0.0469215029318841,0.617343883213161,0.34179699704094246,0.4747178454106166,0.64714737709351,0.359423493522907,0.09435000541187842,0.09494814617923943,0.36328921146263377
2024-01-28T09:14:14.531252-08:00,0.5601335406352267,0.31979113393213265,0.1126112463427201,0.23642156073860124,0.3763579563199525,0.7056902550401448,0.023033747066797967,0.8199981720281431,0.6998071123718211,0.4881702937415061,0.4747324113942323,0.15078682679764,0.41150428378138043,0.2619377674473916,0.0895040037755494,0.2530646575260304,0.8450961716392311,0.026637651668731173,0.025889990981329956,0.9057946723168075,0.167781621804993,0.18119611920522827,0.7896333562310525,0.7551441519616027,0.9215604332001103,0.1969173378928788,0.9527185255942583,0.9167886143687615,0.5212601127363261,0.7093958542909549,0.23634118389285055,0.5874464409329881,0.09444068602537439,0.9506641567731469,0.17485760103448272,0.9155863947723202,0.5704735416718355,0.349258312737259,0.9697274426237495,0.5596560205157489,0.5921751327995234,0.9173244878719921,0.12581904038045394,0.14536373761876126,0.8053111518290071,0.7463735537012938,0.6513598287183622,0.600466784563482,0.07816327384382792,0.4116706981236823
2024-01-28T09:14:15.531252-08:00,0.7911298521581119,0.633193200198503,0.5952601283113955,0.35501872724680034,0.8683389345159916,0.8203106393481805,0.9303137164613274,0.2553443173233246,0.12214876402272118,0.7529568998444505,0.6007161012953824,0.8046023170227184,0.1830153598585771,0.30801026619359895,0.181228411273817,0.7288364122823763,0.9175292645554646,0.7086787741674713,0.037208831429483176,0.837407040075938,0.9475539839787823,0.3639078913323792,0.42752309419389983,0.9746078272890425,0.11995927225398433,0.5513981174881385,0.1815002392178142,0.051914515817781504,0.08427384599791327,0.6691960888204871,0.655396738329479,0.5602352708602003,0.7712250214875856,0.9221260158046165,0.5959029498797431,0.9602239306791932,0.8079440742500786,0.9507484149290895,0.5459290656139986,0.8499996050043921,0.9701275379887598,0.11096732944389748,0.37048837178715477,0.5180190090279911,0.9402647315107899,0.8230895261993932,0.31861417480263865,0.004271642438272226,0.21325689932419367,0.40241326006097994
2024-01-28T09:14:16.531252-08:00,0.18180735350766203,0.20367442959165552,0.1536813160149436,0.5292237753652154,0.32882720545080296,0.9951887166277747,0.6276669881290731,0.869536259976164,0.07175395108738968,0.7214069993601863,0.3169349481903,0.06642329887042836,0.2997380291935316,0.928123817231498,0.8131316834686109,0.1826195800472227,0.525390160568938,0.623113975559757,0.7917673353832635,0.6719589870529562,0.9345947376791794,0.9310096943104308,0.1762518808088796,0.0776478597839485,0.2540898068544741,0.5954872530167888,0.6393759335915521,0.12820935779737963,0.12672401405630285,0.8458618617811554,0.48968987772698985,0.8672821842317375,0.08011284442730272,0.3724284288993815,0.3788838522592698,0.875712811446513,0.18460753208701025,0.099110816487401,0.6395418167892798,0.7791517472968875,0.7830136776468803,0.11990290008715139,0.2284291457932287,0.516301450356344,0.044680146962157906,0.011863028460626396,0.6690390593960569,0.6201824968853369,0.8224642551725019,0.6278535228885601
2024-01-28T09:14:17.531252-08:00,0.2556460251466772,0.8458495028613733,0.8387024532126481,0.2351895745711967,0.7543943866207996,0.6882764694961151,0.16889613727566685,0.3992289228339571,0.4270217511212936,0.03235656812739144,0.08053741156731953,0.6052198825578762,0.8817721503459585,0.7789865606623416,0.9129235320952185,0.8499606618898515,0.5255700094975152,0.45138759637585957,0.21577367911475792,0.7312970957157469,0.5023471573909267,0.37863013531411216,0.5832423226741515,0.09584194411042907,0.39552129120652313,0.8332546784408694,0.2388805213204387,0.04600721178277776,0.2487686036719083,0.3587639068880956,0.4637940568128605,0.5074071022443865,0.6935052491994267,0.039795274007361096,0.7196566280714172,0.9699275706523468,0.6458628511030465,0.6567290037368562,0.4718718029521558,0.7886426667199028,0.8060704949598968,0.7687252533402686,0.02073629002321287,0.6061616224694006,0.8040858911416544,0.5849881195049889,0.762926806175566,0.9939946196303806,0.20073670368442023,0.3151042360225583
2024-01-28T09:14:18.531252-08:00,0.8269493357814914,0.9269619131014079,0.806999180328614,0.7745978638836842,0.20606079529569588,0.0780254558035822,0.4425764510840396,0.0862594544155341,0.8575741895029133,0.7240191998774387,0.28821531050921834,0.8939723690624763,0.6190271459807517,0.5381897690957824,0.9426274937126888,0.010032104534966644,0.849541431702677,0.2669190562659051,0.11543680109614977,0.41994175005932377,0.5590073882503036,0.881480995771517,0.5560615540620371,0.589565820491218,0.8207536587086051,0.9484918650518745,0.1775113286092437,0.9221379520521428,0.4342693495933853,0.20218855233174754,0.15187354744142342,0.40370438123844793,0.9600235666511913,0.22694614272107821,0.251554885555622,0.8337664303245235,0.9742750104950245,0.41332546647341295,0.9771720289478758,0.6530120012160837,0.09412266424630963,0.2065139751744778,0.20904845963900262,0.7192158141778524,0.7270902799201953,0.2819725167788421,0.4043519822516248,0.4006333368862806,0.3304469711025309,0.7882153826658329
2024-01-28T09:14:19.531252-08:00,0.7511271088249344,0.15050607791494697,0.7028232791880348,0.6667058511880809,0.6855754362400556,0.802383788236233,0.23126563712397996,0.1995955535131068,0.5575557778407071,0.43467349059732246,0.7206362497130281,0.7714524840834314,0.29902719169452036,0.5064340384557384,0.5084783938478786,0.6873129734041531,0.7671256678676842,0.31514845899704974,0.14075876288753186,0.9630361550275863,0.5467640534224364,0.3060602078330323,0.5426617879500458,0.03494226112119668,0.322566741976685,0.8697660765982618,0.3084840915254369,0.7644689468623876,0.3148946813320356,0.9211706147943557,0.7590120206659956,0.6520135160106679,0.46078033755103953,0.3260708931467187,0.6594130523561372,0.9947693139149085,0.8201686506101356,0.5475222208775181,0.6368132335840562,0.9795358955068001,0.9043585329644364,0.8993889518445594,0.8690165494709948,0.23251058690494653,0.21215882430698693,0.8098010282878608,0.8796536107855116,0.8683718353820258,0.8054606201512817,0.25144581336144833
2024-01-28T09:14:20.531252-08:00,0.5648072299383391,0.12758622998541758,0.0549150045682886,0.40615703522703633,0.5308553029004317,0.7576694270695005,0.8441982871668826,0.2573933573688413,0.49090221239024084,0.06003855301205449,0.6637505438933193,0.8792296586790356,0.6119331388969873,0.9026251922954082,0.1435606915747558,0.711961685465002,0.8977659073244924,0.7092764330307845,0.6004827487802259,0.522252944292208,0.16911023881851892,0.5627429491319095,0.6991262586629443,0.2224111425608262,0.7242208833381791,0.47027705504393374,0.23252693983290354,0.08627568758382267,0.4125560284001471,0.06211077189056596,0.8299486598766687,0.18267410309087323,0.41137229285277654,0.7318317932601117,0.810746305061676,0.10251230968320627,0.7202162871174331,0.41308755919205065,0.09757873874133292,0.06271445462818138,0.45429740989446216,0.09500506934713941,0.13389527975754803,0.22901967388461017,0.1701570854110036,0.9402984548117674,0.5710971839688314,0.13556643136569205,0.09462741935361212,0.5559728611394898
2024-01-28T09:14:21.531252-08:00,0.9702695427599287,0.06434228552542424,0.6863528247720598,0.15005389517523343,0.7752634120376586,0.9591962881283888,0.780093632756456,0.9362130657687383,0.22311567220086867,0.06218346695892416,0.40500041043707313,0.4171658402119821,0.737150550733846,0.5838671687993043,0.23936769295627228,0.7906072117370421,0.6529817978391771,0.1763377826884148,0.25049666144441873,0.8665126243418791,0.06541594590565178,0.8924253045733893,0.24224583767448293,0.953663234766727,0.12885118359581738,0.19325345598252797,0.18452031238789388,0.8353982082690782,0.10863622723787712,0.71231000082889,0.486445850739617,0.9303066948558549,0.14609046717133092,0.06904898926815434,0.4758885579595145,0.5232267623330525,0.12035677850552687,0.8969277387655425,0.13532462546845112,0.4921136970104122,0.13076002194514652,0.7825868688913005,0.6303878999538104,0.8304912865995522,0.057988723389246766,0.04935887023353737,0.10467368283520422,0.7441636108298225,0.25699626709839224,0.046279534489343375
2024-01-28T09:14:22.531252-08:00,0.14220343918325215,0.30698766193467725,0.7795790002864358,0.3767921529858362,0.04611235261461308,0.9019459912556174,0.5893274182729927,0.5058367484809619,0.16165522389527817,0.4107247662920116,0.2553343098251587,0.855901237628027,0.6833949141926156,0.8400033295920378,0.051374504486582276,0.16500606921154623,0.45664702686577363,0.5568634380750955,0.7598420253838453,0.07983341546186086,0.2844752547443728,0.3986884919458452,0.3559538150313478,0.3753058341528398,0.25594288505297047,0.7224003189390852,0.7729410912460223,0.4575274106600053,0.0775095931634079,0.7876062197401282,0.3035227790545013,0.8011144840794978,0.9404843397072394,0.6709542652265269,0.983003098878759,0.8666174695864317,0.07555586884040812,0.8051068706062748,0.3600611035593639,0.8702348395029568,0.9467414576193508,0.6661590492599945,0.7321627796685506,0.37366033097945617,0.012788846842025338,0.7401267858352902,0.8189355519001223,0.8708991254605666,0.7092818691131668,0.8666607020099657